Bins,Frequency,Density,Cumulative density
0.0,254,0.008819444444444444,0.008819444444444444
0.024087499999999998,34,0.0011805555555555556,0.01
0.048174999999999996,29,0.0010069444444444444,0.011006944444444444
0.0722625,49,0.0017013888888888888,0.012708333333333334
0.09634999999999999,43,0.0014930555555555556,0.014201388888888888
0.12043749999999999,65,0.0022569444444444442,0.016458333333333332
0.144525,60,0.0020833333333333333,0.018541666666666665
0.1686125,78,0.0027083333333333334,0.021249999999999998
0.19269999999999998,86,0.0029861111111111113,0.02423611111111111
0.21678749999999997,91,0.003159722222222222,0.027395833333333335
0.24087499999999998,103,0.003576388888888889,0.030972222222222224
0.2649625,103,0.003576388888888889,0.03454861111111111
0.28905,88,0.0030555555555555557,0.03760416666666667
0.31313749999999996,122,0.0042361111111111115,0.04184027777777778
0.337225,148,0.005138888888888889,0.04697916666666667
0.3613125,126,0.004375,0.05135416666666667
0.38539999999999996,120,0.004166666666666667,0.05552083333333334
0.40948749999999995,149,0.0051736111111111115,0.060694444444444454
0.43357499999999993,157,0.005451388888888889,0.06614583333333335
0.45766249999999997,159,0.005520833333333333,0.07166666666666668
0.48174999999999996,140,0.004861111111111111,0.07652777777777779
0.5058374999999999,160,0.005555555555555556,0.08208333333333334
0.529925,159,0.005520833333333333,0.08760416666666668
0.5540124999999999,185,0.006423611111111111,0.0940277777777778
0.5781,165,0.005729166666666666,0.09975694444444445
0.6021875,158,0.005486111111111111,0.10524305555555556
0.6262749999999999,143,0.004965277777777778,0.11020833333333334
0.6503625,159,0.005520833333333333,0.11572916666666667
0.67445,175,0.006076388888888889,0.12180555555555557
0.6985374999999999,158,0.005486111111111111,0.1272916666666667
0.722625,172,0.0059722222222222225,0.1332638888888889
0.7467124999999999,176,0.006111111111111111,0.13937500000000003
0.7707999999999999,185,0.006423611111111111,0.14579861111111114
0.7948875,162,0.005625,0.15142361111111113
0.8189749999999999,217,0.007534722222222222,0.15895833333333337
0.8430624999999999,176,0.006111111111111111,0.1650694444444445
0.8671499999999999,169,0.005868055555555555,0.17093750000000005
0.8912374999999999,175,0.006076388888888889,0.17701388888888894
0.9153249999999999,177,0.006145833333333333,0.18315972222222227
0.9394124999999999,204,0.007083333333333333,0.1902430555555556
0.9634999999999999,194,0.006736111111111111,0.1969791666666667
0.9875875,172,0.0059722222222222225,0.20295138888888892
1.0116749999999999,166,0.005763888888888889,0.20871527777777782
1.0357625,152,0.005277777777777778,0.2139930555555556
1.05985,184,0.006388888888888889,0.22038194444444448
1.0839375,200,0.006944444444444444,0.22732638888888893
1.1080249999999998,160,0.005555555555555556,0.2328819444444445
1.1321124999999999,189,0.0065625,0.2394444444444445
1.1562,191,0.006631944444444445,0.24607638888888894
1.1802875,172,0.0059722222222222225,0.25204861111111115
1.204375,204,0.007083333333333333,0.2591319444444445
1.2284624999999998,194,0.006736111111111111,0.2658680555555556
1.2525499999999998,189,0.0065625,0.2724305555555556
1.2766374999999999,181,0.006284722222222222,0.2787152777777778
1.300725,195,0.0067708333333333336,0.28548611111111116
1.3248125,138,0.004791666666666666,0.29027777777777786
1.3489,190,0.006597222222222222,0.29687500000000006
1.3729874999999998,184,0.006388888888888889,0.30326388888888894
1.3970749999999998,183,0.006354166666666667,0.3096180555555556
1.4211624999999999,174,0.0060416666666666665,0.31565972222222227
1.44525,197,0.006840277777777778,0.32250000000000006
1.4693375,169,0.005868055555555555,0.3283680555555556
1.4934249999999998,177,0.006145833333333333,0.33451388888888894
1.5175124999999998,185,0.006423611111111111,0.34093750000000006
1.5415999999999999,162,0.005625,0.34656250000000005
1.5656875,175,0.006076388888888889,0.35263888888888895
1.589775,159,0.005520833333333333,0.35815972222222225
1.6138624999999998,182,0.006319444444444444,0.3644791666666667
1.6379499999999998,176,0.006111111111111111,0.3705902777777778
1.6620374999999998,160,0.005555555555555556,0.37614583333333335
1.6861249999999999,164,0.005694444444444445,0.3818402777777778
1.7102125,163,0.005659722222222222,0.3875
1.7342999999999997,149,0.0051736111111111115,0.3926736111111111
1.7583874999999998,196,0.006805555555555555,0.39947916666666666
1.7824749999999998,163,0.005659722222222222,0.4051388888888889
1.8065624999999998,162,0.005625,0.4107638888888889
1.8306499999999999,175,0.006076388888888889,0.41684027777777777
1.8547375,163,0.005659722222222222,0.4225
1.8788249999999997,153,0.0053125,0.4278125
1.9029124999999998,143,0.004965277777777778,0.43277777777777776
1.9269999999999998,161,0.005590277777777777,0.4383680555555555
1.9510874999999999,142,0.004930555555555555,0.4432986111111111
1.975175,162,0.005625,0.44892361111111106
1.9992624999999997,149,0.0051736111111111115,0.45409722222222215
2.0233499999999998,146,0.005069444444444444,0.4591666666666666
2.0474375,130,0.0045138888888888885,0.4636805555555555
2.071525,157,0.005451388888888889,0.4691319444444444
2.0956124999999997,150,0.005208333333333333,0.4743402777777777
2.1197,160,0.005555555555555556,0.47989583333333324
2.1437874999999997,149,0.0051736111111111115,0.48506944444444433
2.167875,132,0.004583333333333333,0.48965277777777766
2.1919625,148,0.005138888888888889,0.4947916666666666
2.2160499999999996,154,0.005347222222222222,0.5001388888888888
2.2401375,136,0.004722222222222222,0.504861111111111
2.2642249999999997,151,0.0052430555555555555,0.5101041666666666
2.2883125,139,0.004826388888888889,0.5149305555555554
2.3124,143,0.004965277777777778,0.5198958333333332
2.3364874999999996,138,0.004791666666666666,0.5246874999999999
2.360575,136,0.004722222222222222,0.529409722222222
2.3846624999999997,120,0.004166666666666667,0.5335763888888887
2.40875,123,0.004270833333333333,0.537847222222222
2.4328374999999998,149,0.0051736111111111115,0.5430208333333332
2.4569249999999996,142,0.004930555555555555,0.5479513888888887
2.4810125,139,0.004826388888888889,0.5527777777777776
2.5050999999999997,119,0.004131944444444444,0.556909722222222
2.5291875,122,0.0042361111111111115,0.5611458333333331
2.5532749999999997,117,0.0040625,0.5652083333333331
2.5773624999999996,133,0.004618055555555556,0.5698263888888886
2.60145,112,0.0038888888888888888,0.5737152777777775
2.6255374999999996,128,0.0044444444444444444,0.578159722222222
2.649625,122,0.0042361111111111115,0.5823958333333331
2.6737124999999997,132,0.004583333333333333,0.5869791666666665
2.6978,116,0.004027777777777778,0.5910069444444442
2.7218875,118,0.004097222222222223,0.5951041666666664
2.7459749999999996,111,0.0038541666666666668,0.5989583333333331
2.7700625,127,0.004409722222222222,0.6033680555555554
2.7941499999999997,128,0.0044444444444444444,0.6078124999999999
2.8182375,136,0.004722222222222222,0.612534722222222
2.8423249999999998,102,0.0035416666666666665,0.6160763888888887
2.8664124999999996,110,0.0038194444444444443,0.6198958333333332
2.8905,110,0.0038194444444444443,0.6237152777777777
2.9145874999999997,95,0.003298611111111111,0.6270138888888888
2.938675,107,0.003715277777777778,0.6307291666666666
2.9627624999999997,115,0.003993055555555555,0.6347222222222221
2.9868499999999996,105,0.0036458333333333334,0.6383680555555554
3.0109375,88,0.0030555555555555557,0.641423611111111
3.0350249999999996,102,0.0035416666666666665,0.6449652777777777
3.0591125,112,0.0038888888888888888,0.6488541666666666
3.0831999999999997,95,0.003298611111111111,0.6521527777777777
3.1072874999999995,108,0.00375,0.6559027777777777
3.131375,103,0.003576388888888889,0.6594791666666666
3.1554624999999996,97,0.0033680555555555556,0.6628472222222221
3.17955,109,0.0037847222222222223,0.6666319444444444
3.2036374999999997,100,0.003472222222222222,0.6701041666666666
3.2277249999999995,92,0.0031944444444444446,0.6732986111111111
3.2518124999999998,107,0.003715277777777778,0.6770138888888889
3.2758999999999996,101,0.0035069444444444445,0.6805208333333334
3.2999875,95,0.003298611111111111,0.6838194444444444
3.3240749999999997,107,0.003715277777777778,0.6875347222222222
3.3481624999999995,110,0.0038194444444444443,0.6913541666666667
3.3722499999999997,91,0.003159722222222222,0.694513888888889
3.3963374999999996,98,0.0034027777777777776,0.6979166666666667
3.420425,82,0.0028472222222222223,0.700763888888889
3.4445124999999996,84,0.002916666666666667,0.7036805555555556
3.4685999999999995,81,0.0028125,0.7064930555555556
3.4926874999999997,106,0.0036805555555555554,0.7101736111111112
3.5167749999999995,86,0.0029861111111111113,0.7131597222222223
3.5408625,108,0.00375,0.7169097222222224
3.5649499999999996,102,0.0035416666666666665,0.720451388888889
3.5890375,80,0.002777777777777778,0.7232291666666668
3.6131249999999997,89,0.0030902777777777777,0.7263194444444446
3.6372124999999995,79,0.0027430555555555554,0.7290625000000002
3.6612999999999998,80,0.002777777777777778,0.7318402777777779
3.6853874999999996,83,0.0028819444444444444,0.7347222222222224
3.709475,81,0.0028125,0.7375347222222224
3.7335624999999997,78,0.0027083333333333334,0.7402430555555557
3.7576499999999995,74,0.0025694444444444445,0.7428125000000001
3.7817374999999998,74,0.0025694444444444445,0.7453819444444445
3.8058249999999996,62,0.0021527777777777778,0.7475347222222223
3.8299125,76,0.002638888888888889,0.7501736111111111
3.8539999999999996,80,0.002777777777777778,0.7529513888888889
3.8780874999999995,87,0.0030208333333333333,0.7559722222222223
3.9021749999999997,70,0.0024305555555555556,0.7584027777777779
3.9262624999999995,73,0.002534722222222222,0.7609375
3.95035,71,0.0024652777777777776,0.7634027777777779
3.9744374999999996,70,0.0024305555555555556,0.7658333333333335
3.9985249999999994,65,0.0022569444444444442,0.7680902777777779
4.022612499999999,77,0.002673611111111111,0.770763888888889
4.0466999999999995,60,0.0020833333333333333,0.7728472222222224
4.0707875,63,0.0021875,0.7750347222222224
4.094875,58,0.002013888888888889,0.7770486111111112
4.118962499999999,66,0.0022916666666666667,0.7793402777777779
4.14305,63,0.0021875,0.7815277777777779
4.1671375,77,0.002673611111111111,0.784201388888889
4.191224999999999,62,0.0021527777777777778,0.7863541666666668
4.2153125,70,0.0024305555555555556,0.7887847222222224
4.2394,72,0.0025,0.7912847222222223
4.263487499999999,51,0.0017708333333333332,0.7930555555555557
4.2875749999999995,52,0.0018055555555555555,0.7948611111111112
4.3116625,75,0.0026041666666666665,0.7974652777777779
4.33575,64,0.0022222222222222222,0.7996875000000001
4.359837499999999,60,0.0020833333333333333,0.8017708333333334
4.383925,63,0.0021875,0.8039583333333334
4.4080125,44,0.0015277777777777779,0.8054861111111112
4.432099999999999,52,0.0018055555555555555,0.8072916666666667
4.4561874999999995,66,0.0022916666666666667,0.8095833333333334
4.480275,64,0.0022222222222222222,0.8118055555555557
4.504362499999999,63,0.0021875,0.8139930555555557
4.528449999999999,50,0.001736111111111111,0.8157291666666668
4.5525375,71,0.0024652777777777776,0.8181944444444447
4.576625,55,0.0019097222222222222,0.8201041666666669
4.600712499999999,60,0.0020833333333333333,0.8221875000000002
4.6248,47,0.0016319444444444445,0.8238194444444447
4.6488875,64,0.0022222222222222222,0.8260416666666669
4.672974999999999,51,0.0017708333333333332,0.8278125000000003
4.6970624999999995,53,0.0018402777777777777,0.829652777777778
4.72115,47,0.0016319444444444445,0.8312847222222225
4.7452375,51,0.0017708333333333332,0.8330555555555559
4.769324999999999,68,0.002361111111111111,0.835416666666667
4.7934125,49,0.0017013888888888888,0.837118055555556
4.8175,53,0.0018402777777777777,0.8389583333333337
4.841587499999999,45,0.0015625,0.8405208333333337
4.8656749999999995,38,0.0013194444444444445,0.8418402777777781
4.8897625,44,0.0015277777777777779,0.8433680555555559
4.913849999999999,48,0.0016666666666666668,0.8450347222222226
4.937937499999999,42,0.0014583333333333334,0.846493055555556
4.962025,45,0.0015625,0.848055555555556
4.9861125,41,0.0014236111111111112,0.8494791666666671
5.010199999999999,57,0.001979166666666667,0.8514583333333338
5.0342875,38,0.0013194444444444445,0.8527777777777782
5.058375,45,0.0015625,0.8543402777777782
5.082462499999999,53,0.0018402777777777777,0.8561805555555559
5.1065499999999995,52,0.0018055555555555555,0.8579861111111114
5.1306375,43,0.0014930555555555556,0.859479166666667
5.154724999999999,32,0.0011111111111111111,0.8605902777777781
5.178812499999999,29,0.0010069444444444444,0.8615972222222226
5.2029,37,0.0012847222222222223,0.8628819444444448
5.2269875,54,0.001875,0.8647569444444447
5.251074999999999,46,0.0015972222222222223,0.866354166666667
5.2751624999999995,45,0.0015625,0.867916666666667
5.29925,34,0.0011805555555555556,0.8690972222222225
5.323337499999999,39,0.0013541666666666667,0.8704513888888892
5.347424999999999,39,0.0013541666666666667,0.8718055555555558
5.3715125,51,0.0017708333333333332,0.8735763888888892
5.3956,47,0.0016319444444444445,0.8752083333333337
5.419687499999999,42,0.0014583333333333334,0.876666666666667
5.443775,27,0.0009375,0.8776041666666671
5.4678625,41,0.0014236111111111112,0.8790277777777782
5.491949999999999,42,0.0014583333333333334,0.8804861111111115
5.5160374999999995,30,0.0010416666666666667,0.8815277777777782
5.540125,45,0.0015625,0.8830902777777783
5.564212499999999,42,0.0014583333333333334,0.8845486111111116
5.588299999999999,37,0.0012847222222222223,0.8858333333333338
5.6123875,33,0.0011458333333333333,0.8869791666666671
5.636475,30,0.0010416666666666667,0.8880208333333338
5.660562499999999,32,0.0011111111111111111,0.8891319444444449
5.6846499999999995,24,0.0008333333333333334,0.8899652777777782
5.7087375,38,0.0013194444444444445,0.8912847222222227
5.732824999999999,29,0.0010069444444444444,0.8922916666666671
5.756912499999999,38,0.0013194444444444445,0.8936111111111116
5.781,43,0.0014930555555555556,0.8951041666666671
5.805087499999999,33,0.0011458333333333333,0.8962500000000004
5.829174999999999,38,0.0013194444444444445,0.8975694444444449
5.8532625,37,0.0012847222222222223,0.8988541666666671
5.87735,34,0.0011805555555555556,0.9000347222222226
5.901437499999999,40,0.001388888888888889,0.9014236111111115
5.9255249999999995,36,0.00125,0.9026736111111114
5.9496125,26,0.0009027777777777777,0.9035763888888892
5.973699999999999,19,0.0006597222222222222,0.9042361111111115
5.997787499999999,26,0.0009027777777777777,0.9051388888888893
6.021875,34,0.0011805555555555556,0.9063194444444448
6.045962499999999,22,0.0007638888888888889,0.9070833333333337
6.070049999999999,31,0.0010763888888888889,0.9081597222222225
6.0941374999999995,35,0.0012152777777777778,0.9093750000000003
6.118225,28,0.0009722222222222222,0.9103472222222225
6.142312499999999,28,0.0009722222222222222,0.9113194444444448
6.166399999999999,24,0.0008333333333333334,0.9121527777777781
6.1904875,35,0.0012152777777777778,0.9133680555555559
6.214574999999999,18,0.000625,0.9139930555555559
6.238662499999999,30,0.0010416666666666667,0.9150347222222226
6.26275,28,0.0009722222222222222,0.9160069444444449
6.2868375,37,0.0012847222222222223,0.9172916666666671
6.310924999999999,24,0.0008333333333333334,0.9181250000000004
6.3350124999999995,17,0.0005902777777777778,0.9187152777777782
6.3591,25,0.0008680555555555555,0.9195833333333338
6.383187499999999,21,0.0007291666666666667,0.9203125000000004
6.407274999999999,22,0.0007638888888888889,0.9210763888888893
6.4313625,21,0.0007291666666666667,0.921805555555556
6.455449999999999,32,0.0011111111111111111,0.922916666666667
6.479537499999999,16,0.0005555555555555556,0.9234722222222226
6.5036249999999995,20,0.0006944444444444445,0.924166666666667
6.5277125,30,0.0010416666666666667,0.9252083333333337
6.551799999999999,25,0.0008680555555555555,0.9260763888888893
6.575887499999999,23,0.0007986111111111112,0.9268750000000004
6.599975,27,0.0009375,0.9278125000000005
6.624062499999999,21,0.0007291666666666667,0.9285416666666672
6.648149999999999,28,0.0009722222222222222,0.9295138888888894
6.6722375,18,0.000625,0.9301388888888894
6.696324999999999,19,0.0006597222222222222,0.9307986111111116
6.720412499999999,36,0.00125,0.9320486111111116
6.7444999999999995,19,0.0006597222222222222,0.9327083333333338
6.7685875,21,0.0007291666666666667,0.9334375000000005
6.792674999999999,14,0.0004861111111111111,0.9339236111111116
6.816762499999999,20,0.0006944444444444445,0.934618055555556
6.84085,17,0.0005902777777777778,0.9352083333333338
6.864937499999999,19,0.0006597222222222222,0.935868055555556
6.889024999999999,21,0.0007291666666666667,0.9365972222222226
6.9131124999999995,15,0.0005208333333333333,0.9371180555555559
6.937199999999999,23,0.0007986111111111112,0.9379166666666671
6.961287499999999,14,0.0004861111111111111,0.9384027777777781
6.9853749999999994,15,0.0005208333333333333,0.9389236111111114
7.0094625,12,0.0004166666666666667,0.9393402777777781
7.033549999999999,17,0.0005902777777777778,0.9399305555555558
7.057637499999999,16,0.0005555555555555556,0.9404861111111114
7.081725,20,0.0006944444444444445,0.9411805555555558
7.105812499999999,11,0.00038194444444444446,0.9415625000000002
7.129899999999999,20,0.0006944444444444445,0.9422569444444446
7.1539874999999995,20,0.0006944444444444445,0.9429513888888891
7.178075,28,0.0009722222222222222,0.9439236111111113
7.202162499999999,16,0.0005555555555555556,0.9444791666666669
7.226249999999999,18,0.000625,0.9451041666666669
7.2503375,27,0.0009375,0.9460416666666669
7.274424999999999,18,0.000625,0.9466666666666669
7.298512499999999,17,0.0005902777777777778,0.9472569444444446
7.3225999999999996,12,0.0004166666666666667,0.9476736111111113
7.346687499999999,15,0.0005208333333333333,0.9481944444444446
7.370774999999999,16,0.0005555555555555556,0.9487500000000001
7.3948624999999995,11,0.00038194444444444446,0.9491319444444445
7.41895,14,0.0004861111111111111,0.9496180555555556
7.443037499999999,16,0.0005555555555555556,0.9501736111111111
7.467124999999999,14,0.0004861111111111111,0.9506597222222222
7.4912125,14,0.0004861111111111111,0.9511458333333332
7.515299999999999,21,0.0007291666666666667,0.9518749999999999
7.539387499999999,8,0.0002777777777777778,0.9521527777777777
7.5634749999999995,22,0.0007638888888888889,0.9529166666666666
7.587562499999999,23,0.0007986111111111112,0.9537152777777778
7.611649999999999,12,0.0004166666666666667,0.9541319444444444
7.635737499999999,7,0.00024305555555555555,0.954375
7.659825,15,0.0005208333333333333,0.9548958333333333
7.683912499999999,14,0.0004861111111111111,0.9553819444444444
7.707999999999999,13,0.00045138888888888887,0.9558333333333332
7.7320875,9,0.0003125,0.9561458333333333
7.756174999999999,19,0.0006597222222222222,0.9568055555555555
7.780262499999999,10,0.00034722222222222224,0.9571527777777777
7.8043499999999995,14,0.0004861111111111111,0.9576388888888888
7.8284375,14,0.0004861111111111111,0.9581249999999999
7.852524999999999,5,0.00017361111111111112,0.958298611111111
7.876612499999999,13,0.00045138888888888887,0.9587499999999999
7.9007,11,0.00038194444444444446,0.9591319444444443
7.924787499999999,8,0.0002777777777777778,0.9594097222222221
7.948874999999999,11,0.00038194444444444446,0.9597916666666665
7.9729624999999995,12,0.0004166666666666667,0.9602083333333331
7.997049999999999,6,0.00020833333333333335,0.9604166666666665
8.0211375,22,0.0007638888888888889,0.9611805555555554
8.045224999999999,17,0.0005902777777777778,0.9617708333333331
8.069312499999999,13,0.00045138888888888887,0.962222222222222
8.093399999999999,6,0.00020833333333333335,0.9624305555555553
8.1174875,6,0.00020833333333333335,0.9626388888888887
8.141575,11,0.00038194444444444446,0.9630208333333331
8.1656625,15,0.0005208333333333333,0.9635416666666664
8.18975,9,0.0003125,0.9638541666666665
8.213837499999999,12,0.0004166666666666667,0.9642708333333331
8.237924999999999,8,0.0002777777777777778,0.9645486111111109
8.262012499999999,13,0.00045138888888888887,0.9649999999999997
8.2861,10,0.00034722222222222224,0.965347222222222
8.3101875,10,0.00034722222222222224,0.9656944444444443
8.334275,14,0.0004861111111111111,0.9661805555555554
8.358362499999998,17,0.0005902777777777778,0.9667708333333331
8.382449999999999,10,0.00034722222222222224,0.9671180555555554
8.406537499999999,7,0.00024305555555555555,0.967361111111111
8.430625,12,0.0004166666666666667,0.9677777777777776
8.4547125,7,0.00024305555555555555,0.9680208333333332
8.4788,5,0.00017361111111111112,0.9681944444444444
8.5028875,13,0.00045138888888888887,0.9686458333333332
8.526974999999998,9,0.0003125,0.9689583333333333
8.551062499999999,13,0.00045138888888888887,0.9694097222222221
8.575149999999999,7,0.00024305555555555555,0.9696527777777777
8.5992375,10,0.00034722222222222224,0.97
8.623325,7,0.00024305555555555555,0.9702430555555556
8.6474125,9,0.0003125,0.9705555555555556
8.6715,16,0.0005555555555555556,0.9711111111111111
8.695587499999998,7,0.00024305555555555555,0.9713541666666667
8.719674999999999,7,0.00024305555555555555,0.9715972222222223
8.743762499999999,10,0.00034722222222222224,0.9719444444444446
8.76785,8,0.0002777777777777778,0.9722222222222224
8.7919375,12,0.0004166666666666667,0.972638888888889
8.816025,7,0.00024305555555555555,0.9728819444444446
8.8401125,11,0.00038194444444444446,0.973263888888889
8.864199999999999,6,0.00020833333333333335,0.9734722222222224
8.888287499999999,5,0.00017361111111111112,0.9736458333333335
8.912374999999999,9,0.0003125,0.9739583333333336
8.9364625,8,0.0002777777777777778,0.9742361111111114
8.96055,7,0.00024305555555555555,0.974479166666667
8.9846375,8,0.0002777777777777778,0.9747569444444448
9.008724999999998,9,0.0003125,0.9750694444444449
9.032812499999999,11,0.00038194444444444446,0.9754513888888893
9.056899999999999,9,0.0003125,0.9757638888888893
9.080987499999999,5,0.00017361111111111112,0.9759375000000005
9.105075,5,0.00017361111111111112,0.9761111111111116
9.1291625,7,0.00024305555555555555,0.9763541666666672
9.15325,4,0.0001388888888888889,0.9764930555555561
9.177337499999998,4,0.0001388888888888889,0.976631944444445
9.201424999999999,9,0.0003125,0.9769444444444451
9.225512499999999,5,0.00017361111111111112,0.9771180555555562
9.2496,10,0.00034722222222222224,0.9774652777777785
9.2736875,10,0.00034722222222222224,0.9778125000000008
9.297775,8,0.0002777777777777778,0.9780902777777786
9.3218625,4,0.0001388888888888889,0.9782291666666675
9.345949999999998,6,0.00020833333333333335,0.9784375000000008
9.370037499999999,9,0.0003125,0.9787500000000009
9.394124999999999,12,0.0004166666666666667,0.9791666666666675
9.4182125,3,0.00010416666666666667,0.9792708333333342
9.4423,5,0.00017361111111111112,0.9794444444444453
9.4663875,5,0.00017361111111111112,0.9796180555555565
9.490475,5,0.00017361111111111112,0.9797916666666676
9.514562499999998,5,0.00017361111111111112,0.9799652777777788
9.538649999999999,15,0.0005208333333333333,0.9804861111111121
9.562737499999999,3,0.00010416666666666667,0.9805902777777787
9.586825,7,0.00024305555555555555,0.9808333333333343
9.6109125,9,0.0003125,0.9811458333333344
9.635,4,0.0001388888888888889,0.9812847222222233
9.659087499999998,7,0.00024305555555555555,0.9815277777777789
9.683174999999999,5,0.00017361111111111112,0.98170138888889
9.707262499999999,5,0.00017361111111111112,0.9818750000000012
9.731349999999999,8,0.0002777777777777778,0.982152777777779
9.7554375,4,0.0001388888888888889,0.9822916666666679
9.779525,3,0.00010416666666666667,0.9823958333333346
9.8036125,8,0.0002777777777777778,0.9826736111111124
9.827699999999998,7,0.00024305555555555555,0.982916666666668
9.851787499999999,4,0.0001388888888888889,0.9830555555555569
9.875874999999999,2,6.944444444444444e-05,0.9831250000000014
9.899962499999999,5,0.00017361111111111112,0.9832986111111125
9.92405,5,0.00017361111111111112,0.9834722222222236
9.9481375,2,6.944444444444444e-05,0.9835416666666681
9.972225,4,0.0001388888888888889,0.983680555555557
9.996312499999998,7,0.00024305555555555555,0.9839236111111126
10.020399999999999,7,0.00024305555555555555,0.9841666666666682
10.044487499999999,9,0.0003125,0.9844791666666682
10.068575,4,0.0001388888888888889,0.9846180555555571
10.0926625,9,0.0003125,0.9849305555555572
10.11675,5,0.00017361111111111112,0.9851041666666683
10.1408375,4,0.0001388888888888889,0.9852430555555572
10.164924999999998,4,0.0001388888888888889,0.9853819444444462
10.189012499999999,5,0.00017361111111111112,0.9855555555555573
10.213099999999999,4,0.0001388888888888889,0.9856944444444462
10.2371875,6,0.00020833333333333335,0.9859027777777796
10.261275,4,0.0001388888888888889,0.9860416666666685
10.2853625,9,0.0003125,0.9863541666666685
10.309449999999998,6,0.00020833333333333335,0.9865625000000019
10.333537499999998,5,0.00017361111111111112,0.986736111111113
10.357624999999999,3,0.00010416666666666667,0.9868402777777797
10.381712499999999,2,6.944444444444444e-05,0.9869097222222242
10.4058,1,3.472222222222222e-05,0.9869444444444464
10.4298875,5,0.00017361111111111112,0.9871180555555575
10.453975,5,0.00017361111111111112,0.9872916666666687
10.478062499999998,5,0.00017361111111111112,0.9874652777777798
10.502149999999999,6,0.00020833333333333335,0.9876736111111132
10.526237499999999,2,6.944444444444444e-05,0.9877430555555576
10.550324999999999,6,0.00020833333333333335,0.987951388888891
10.5744125,1,3.472222222222222e-05,0.9879861111111132
10.5985,8,0.0002777777777777778,0.988263888888891
10.6225875,2,6.944444444444444e-05,0.9883333333333355
10.646674999999998,5,0.00017361111111111112,0.9885069444444466
10.670762499999999,2,6.944444444444444e-05,0.9885763888888911
10.694849999999999,5,0.00017361111111111112,0.9887500000000022
10.7189375,6,0.00020833333333333335,0.9889583333333356
10.743025,6,0.00020833333333333335,0.989166666666669
10.7671125,5,0.00017361111111111112,0.9893402777777801
10.7912,2,6.944444444444444e-05,0.9894097222222246
10.815287499999998,3,0.00010416666666666667,0.9895138888888912
10.839374999999999,1,3.472222222222222e-05,0.9895486111111135
10.863462499999999,2,6.944444444444444e-05,0.9896180555555579
10.88755,5,0.00017361111111111112,0.9897916666666691
10.9116375,6,0.00020833333333333335,0.9900000000000024
10.935725,2,6.944444444444444e-05,0.9900694444444469
10.959812499999998,3,0.00010416666666666667,0.9901736111111136
10.983899999999998,5,0.00017361111111111112,0.9903472222222247
11.007987499999999,2,6.944444444444444e-05,0.9904166666666692
11.032074999999999,0,0.0,0.9904166666666692
11.0561625,4,0.0001388888888888889,0.9905555555555581
11.08025,2,6.944444444444444e-05,0.9906250000000025
11.1043375,3,0.00010416666666666667,0.9907291666666692
11.128424999999998,5,0.00017361111111111112,0.9909027777777804
11.152512499999998,1,3.472222222222222e-05,0.9909375000000026
11.176599999999999,2,6.944444444444444e-05,0.991006944444447
11.200687499999999,5,0.00017361111111111112,0.9911805555555582
11.224775,4,0.0001388888888888889,0.9913194444444471
11.2488625,4,0.0001388888888888889,0.991458333333336
11.27295,2,6.944444444444444e-05,0.9915277777777805
11.297037499999998,7,0.00024305555555555555,0.991770833333336
11.321124999999999,1,3.472222222222222e-05,0.9918055555555583
11.345212499999999,4,0.0001388888888888889,0.9919444444444472
11.369299999999999,3,0.00010416666666666667,0.9920486111111139
11.3933875,5,0.00017361111111111112,0.992222222222225
11.417475,0,0.0,0.992222222222225
11.441562499999998,2,6.944444444444444e-05,0.9922916666666695
11.465649999999998,1,3.472222222222222e-05,0.9923263888888917
11.489737499999999,5,0.00017361111111111112,0.9925000000000028
11.513824999999999,0,0.0,0.9925000000000028
11.5379125,4,0.0001388888888888889,0.9926388888888917
11.562,1,3.472222222222222e-05,0.992673611111114
11.5860875,0,0.0,0.992673611111114
11.610174999999998,1,3.472222222222222e-05,0.9927083333333362
11.634262499999998,4,0.0001388888888888889,0.9928472222222251
11.658349999999999,1,3.472222222222222e-05,0.9928819444444473
11.682437499999999,3,0.00010416666666666667,0.992986111111114
11.706525,0,0.0,0.992986111111114
11.7306125,1,3.472222222222222e-05,0.9930208333333362
11.7547,1,3.472222222222222e-05,0.9930555555555585
11.778787499999998,2,6.944444444444444e-05,0.9931250000000029
11.802874999999998,4,0.0001388888888888889,0.9932638888888918
11.826962499999999,1,3.472222222222222e-05,0.9932986111111141
11.851049999999999,0,0.0,0.9932986111111141
11.8751375,6,0.00020833333333333335,0.9935069444444474
11.899225,1,3.472222222222222e-05,0.9935416666666697
11.9233125,1,3.472222222222222e-05,0.9935763888888919
11.947399999999998,0,0.0,0.9935763888888919
11.971487499999999,2,6.944444444444444e-05,0.9936458333333363
11.995574999999999,0,0.0,0.9936458333333363
12.019662499999999,5,0.00017361111111111112,0.9938194444444475
12.04375,1,3.472222222222222e-05,0.9938541666666697
12.0678375,1,3.472222222222222e-05,0.9938888888888919
12.091924999999998,5,0.00017361111111111112,0.9940625000000031
12.116012499999998,0,0.0,0.9940625000000031
12.140099999999999,0,0.0,0.9940625000000031
12.164187499999999,3,0.00010416666666666667,0.9941666666666698
12.188274999999999,0,0.0,0.9941666666666698
12.2123625,2,6.944444444444444e-05,0.9942361111111142
12.23645,2,6.944444444444444e-05,0.9943055555555587
12.260537499999998,2,6.944444444444444e-05,0.9943750000000031
12.284624999999998,0,0.0,0.9943750000000031
12.308712499999999,2,6.944444444444444e-05,0.9944444444444476
12.332799999999999,1,3.472222222222222e-05,0.9944791666666698
12.3568875,3,0.00010416666666666667,0.9945833333333365
12.380975,3,0.00010416666666666667,0.9946875000000032
12.4050625,1,3.472222222222222e-05,0.9947222222222254
12.429149999999998,1,3.472222222222222e-05,0.9947569444444476
12.453237499999998,1,3.472222222222222e-05,0.9947916666666698
12.477324999999999,0,0.0,0.9947916666666698
12.501412499999999,4,0.0001388888888888889,0.9949305555555588
12.5255,1,3.472222222222222e-05,0.994965277777781
12.5495875,0,0.0,0.994965277777781
12.573675,0,0.0,0.994965277777781
12.597762499999998,1,3.472222222222222e-05,0.9950000000000032
12.621849999999998,0,0.0,0.9950000000000032
12.645937499999999,1,3.472222222222222e-05,0.9950347222222254
12.670024999999999,0,0.0,0.9950347222222254
12.6941125,2,6.944444444444444e-05,0.9951041666666699
12.7182,2,6.944444444444444e-05,0.9951736111111144
12.742287499999998,0,0.0,0.9951736111111144
12.766374999999998,0,0.0,0.9951736111111144
12.790462499999999,2,6.944444444444444e-05,0.9952430555555588
12.814549999999999,1,3.472222222222222e-05,0.995277777777781
12.838637499999999,1,3.472222222222222e-05,0.9953125000000033
12.862725,2,6.944444444444444e-05,0.9953819444444477
12.8868125,2,6.944444444444444e-05,0.9954513888888922
12.910899999999998,0,0.0,0.9954513888888922
12.934987499999998,1,3.472222222222222e-05,0.9954861111111144
12.959074999999999,1,3.472222222222222e-05,0.9955208333333366
12.983162499999999,2,6.944444444444444e-05,0.9955902777777811
13.007249999999999,1,3.472222222222222e-05,0.9956250000000033
13.0313375,0,0.0,0.9956250000000033
13.055425,5,0.00017361111111111112,0.9957986111111145
13.079512499999998,2,6.944444444444444e-05,0.9958680555555589
13.103599999999998,0,0.0,0.9958680555555589
13.127687499999999,1,3.472222222222222e-05,0.9959027777777811
13.151774999999999,2,6.944444444444444e-05,0.9959722222222256
13.1758625,1,3.472222222222222e-05,0.9960069444444478
13.19995,1,3.472222222222222e-05,0.99604166666667
13.2240375,4,0.0001388888888888889,0.996180555555559
13.248124999999998,0,0.0,0.996180555555559
13.272212499999998,0,0.0,0.996180555555559
13.296299999999999,1,3.472222222222222e-05,0.9962152777777812
13.320387499999999,1,3.472222222222222e-05,0.9962500000000034
13.344475,0,0.0,0.9962500000000034
13.3685625,0,0.0,0.9962500000000034
13.392649999999998,1,3.472222222222222e-05,0.9962847222222256
13.416737499999998,3,0.00010416666666666667,0.9963888888888923
13.440824999999998,0,0.0,0.9963888888888923
13.464912499999999,1,3.472222222222222e-05,0.9964236111111145
13.488999999999999,1,3.472222222222222e-05,0.9964583333333368
13.5130875,1,3.472222222222222e-05,0.996493055555559
13.537175,1,3.472222222222222e-05,0.9965277777777812
13.561262499999998,3,0.00010416666666666667,0.9966319444444479
13.585349999999998,0,0.0,0.9966319444444479
13.609437499999999,0,0.0,0.9966319444444479
13.633524999999999,0,0.0,0.9966319444444479
13.657612499999999,0,0.0,0.9966319444444479
13.6817,3,0.00010416666666666667,0.9967361111111146
13.7057875,1,3.472222222222222e-05,0.9967708333333368
13.729874999999998,0,0.0,0.9967708333333368
13.753962499999998,1,3.472222222222222e-05,0.996805555555559
13.778049999999999,2,6.944444444444444e-05,0.9968750000000035
13.802137499999999,0,0.0,0.9968750000000035
13.826224999999999,2,6.944444444444444e-05,0.996944444444448
13.8503125,1,3.472222222222222e-05,0.9969791666666702
13.874399999999998,0,0.0,0.9969791666666702
13.898487499999998,0,0.0,0.9969791666666702
13.922574999999998,4,0.0001388888888888889,0.9971180555555591
13.946662499999999,1,3.472222222222222e-05,0.9971527777777813
13.970749999999999,0,0.0,0.9971527777777813
13.9948375,1,3.472222222222222e-05,0.9971875000000036
14.018925,1,3.472222222222222e-05,0.9972222222222258
14.043012499999998,2,6.944444444444444e-05,0.9972916666666702
14.067099999999998,1,3.472222222222222e-05,0.9973263888888925
14.091187499999998,0,0.0,0.9973263888888925
14.115274999999999,2,6.944444444444444e-05,0.9973958333333369
14.139362499999999,0,0.0,0.9973958333333369
14.16345,0,0.0,0.9973958333333369
14.1875375,3,0.00010416666666666667,0.9975000000000036
14.211624999999998,0,0.0,0.9975000000000036
14.235712499999998,1,3.472222222222222e-05,0.9975347222222258
14.259799999999998,2,6.944444444444444e-05,0.9976041666666703
14.283887499999999,0,0.0,0.9976041666666703
14.307974999999999,0,0.0,0.9976041666666703
14.3320625,0,0.0,0.9976041666666703
14.35615,0,0.0,0.9976041666666703
14.380237499999998,2,6.944444444444444e-05,0.9976736111111147
14.404324999999998,2,6.944444444444444e-05,0.9977430555555592
14.428412499999999,0,0.0,0.9977430555555592
14.452499999999999,1,3.472222222222222e-05,0.9977777777777814
14.476587499999999,1,3.472222222222222e-05,0.9978125000000037
14.500675,0,0.0,0.9978125000000037
14.524762499999998,2,6.944444444444444e-05,0.9978819444444481
14.548849999999998,0,0.0,0.9978819444444481
14.572937499999998,0,0.0,0.9978819444444481
14.597024999999999,2,6.944444444444444e-05,0.9979513888888926
14.621112499999999,3,0.00010416666666666667,0.9980555555555592
14.645199999999999,0,0.0,0.9980555555555592
14.6692875,2,6.944444444444444e-05,0.9981250000000037
14.693374999999998,0,0.0,0.9981250000000037
14.717462499999998,1,3.472222222222222e-05,0.9981597222222259
14.741549999999998,0,0.0,0.9981597222222259
14.765637499999999,2,6.944444444444444e-05,0.9982291666666704
14.789724999999999,0,0.0,0.9982291666666704
14.8138125,0,0.0,0.9982291666666704
14.8379,1,3.472222222222222e-05,0.9982638888888926
14.861987499999998,1,3.472222222222222e-05,0.9982986111111148
14.886074999999998,1,3.472222222222222e-05,0.9983333333333371
14.910162499999998,1,3.472222222222222e-05,0.9983680555555593
14.934249999999999,1,3.472222222222222e-05,0.9984027777777815
14.958337499999999,0,0.0,0.9984027777777815
14.982425,1,3.472222222222222e-05,0.9984375000000038
15.0065125,0,0.0,0.9984375000000038
15.030599999999998,1,3.472222222222222e-05,0.998472222222226
15.054687499999998,0,0.0,0.998472222222226
15.078774999999998,0,0.0,0.998472222222226
15.102862499999999,0,0.0,0.998472222222226
15.126949999999999,0,0.0,0.998472222222226
15.1510375,1,3.472222222222222e-05,0.9985069444444482
15.175124999999998,1,3.472222222222222e-05,0.9985416666666704
15.199212499999998,1,3.472222222222222e-05,0.9985763888888927
15.223299999999998,1,3.472222222222222e-05,0.9986111111111149
15.247387499999999,0,0.0,0.9986111111111149
15.271474999999999,2,6.944444444444444e-05,0.9986805555555593
15.295562499999999,0,0.0,0.9986805555555593
15.31965,0,0.0,0.9986805555555593
15.343737499999998,0,0.0,0.9986805555555593
15.367824999999998,0,0.0,0.9986805555555593
15.391912499999998,0,0.0,0.9986805555555593
15.415999999999999,0,0.0,0.9986805555555593
15.440087499999999,0,0.0,0.9986805555555593
15.464175,0,0.0,0.9986805555555593
15.4882625,0,0.0,0.9986805555555593
15.512349999999998,1,3.472222222222222e-05,0.9987152777777816
15.536437499999998,0,0.0,0.9987152777777816
15.560524999999998,1,3.472222222222222e-05,0.9987500000000038
15.584612499999999,1,3.472222222222222e-05,0.998784722222226
15.608699999999999,1,3.472222222222222e-05,0.9988194444444483
15.6327875,0,0.0,0.9988194444444483
15.656875,2,6.944444444444444e-05,0.9988888888888927
15.680962499999998,0,0.0,0.9988888888888927
15.705049999999998,1,3.472222222222222e-05,0.9989236111111149
15.729137499999998,0,0.0,0.9989236111111149
15.753224999999999,0,0.0,0.9989236111111149
15.777312499999999,1,3.472222222222222e-05,0.9989583333333372
15.8014,0,0.0,0.9989583333333372
15.825487499999998,0,0.0,0.9989583333333372
15.849574999999998,0,0.0,0.9989583333333372
15.873662499999998,0,0.0,0.9989583333333372
15.897749999999998,0,0.0,0.9989583333333372
15.921837499999999,0,0.0,0.9989583333333372
15.945924999999999,0,0.0,0.9989583333333372
15.9700125,2,6.944444444444444e-05,0.9990277777777816
15.994099999999998,0,0.0,0.9990277777777816
16.0181875,0,0.0,0.9990277777777816
16.042275,1,3.472222222222222e-05,0.9990625000000039
16.066362499999997,0,0.0,0.9990625000000039
16.090449999999997,2,6.944444444444444e-05,0.9991319444444483
16.114537499999997,1,3.472222222222222e-05,0.9991666666666705
16.138624999999998,0,0.0,0.9991666666666705
16.162712499999998,0,0.0,0.9991666666666705
16.186799999999998,0,0.0,0.9991666666666705
16.2108875,0,0.0,0.9991666666666705
16.234975,0,0.0,0.9991666666666705
16.2590625,0,0.0,0.9991666666666705
16.28315,1,3.472222222222222e-05,0.9992013888888928
16.3072375,1,3.472222222222222e-05,0.999236111111115
16.331325,0,0.0,0.999236111111115
16.3554125,1,3.472222222222222e-05,0.9992708333333372
16.3795,0,0.0,0.9992708333333372
16.403587499999997,0,0.0,0.9992708333333372
16.427674999999997,0,0.0,0.9992708333333372
16.451762499999997,0,0.0,0.9992708333333372
16.475849999999998,0,0.0,0.9992708333333372
16.499937499999998,1,3.472222222222222e-05,0.9993055555555594
16.524024999999998,0,0.0,0.9993055555555594
16.5481125,0,0.0,0.9993055555555594
16.5722,0,0.0,0.9993055555555594
16.5962875,0,0.0,0.9993055555555594
16.620375,0,0.0,0.9993055555555594
16.6444625,0,0.0,0.9993055555555594
16.66855,0,0.0,0.9993055555555594
16.6926375,0,0.0,0.9993055555555594
16.716724999999997,1,3.472222222222222e-05,0.9993402777777817
16.740812499999997,2,6.944444444444444e-05,0.9994097222222261
16.764899999999997,0,0.0,0.9994097222222261
16.788987499999998,0,0.0,0.9994097222222261
16.813074999999998,0,0.0,0.9994097222222261
16.837162499999998,0,0.0,0.9994097222222261
16.86125,0,0.0,0.9994097222222261
16.8853375,1,3.472222222222222e-05,0.9994444444444484
16.909425,0,0.0,0.9994444444444484
16.9335125,0,0.0,0.9994444444444484
16.9576,1,3.472222222222222e-05,0.9994791666666706
16.9816875,0,0.0,0.9994791666666706
17.005775,0,0.0,0.9994791666666706
17.0298625,0,0.0,0.9994791666666706
17.053949999999997,0,0.0,0.9994791666666706
17.078037499999997,0,0.0,0.9994791666666706
17.102124999999997,0,0.0,0.9994791666666706
17.126212499999998,0,0.0,0.9994791666666706
17.150299999999998,0,0.0,0.9994791666666706
17.174387499999998,0,0.0,0.9994791666666706
17.198475,0,0.0,0.9994791666666706
17.2225625,0,0.0,0.9994791666666706
17.24665,0,0.0,0.9994791666666706
17.2707375,0,0.0,0.9994791666666706
17.294825,0,0.0,0.9994791666666706
17.3189125,0,0.0,0.9994791666666706
17.343,0,0.0,0.9994791666666706
17.367087499999997,0,0.0,0.9994791666666706
17.391174999999997,0,0.0,0.9994791666666706
17.415262499999997,0,0.0,0.9994791666666706
17.439349999999997,0,0.0,0.9994791666666706
17.463437499999998,0,0.0,0.9994791666666706
17.487524999999998,0,0.0,0.9994791666666706
17.5116125,0,0.0,0.9994791666666706
17.5357,0,0.0,0.9994791666666706
17.5597875,0,0.0,0.9994791666666706
17.583875,0,0.0,0.9994791666666706
17.6079625,0,0.0,0.9994791666666706
17.63205,0,0.0,0.9994791666666706
17.6561375,0,0.0,0.9994791666666706
17.680225,0,0.0,0.9994791666666706
17.704312499999997,0,0.0,0.9994791666666706
17.728399999999997,0,0.0,0.9994791666666706
17.752487499999997,0,0.0,0.9994791666666706
17.776574999999998,0,0.0,0.9994791666666706
17.800662499999998,0,0.0,0.9994791666666706
17.824749999999998,0,0.0,0.9994791666666706
17.8488375,1,3.472222222222222e-05,0.9995138888888928
17.872925,0,0.0,0.9995138888888928
17.8970125,0,0.0,0.9995138888888928
17.9211,1,3.472222222222222e-05,0.999548611111115
17.9451875,0,0.0,0.999548611111115
17.969275,0,0.0,0.999548611111115
17.9933625,0,0.0,0.999548611111115
18.017449999999997,1,3.472222222222222e-05,0.9995833333333373
18.041537499999997,1,3.472222222222222e-05,0.9996180555555595
18.065624999999997,1,3.472222222222222e-05,0.9996527777777817
18.089712499999997,0,0.0,0.9996527777777817
18.113799999999998,0,0.0,0.9996527777777817
18.137887499999998,0,0.0,0.9996527777777817
18.161974999999998,0,0.0,0.9996527777777817
18.1860625,0,0.0,0.9996527777777817
18.21015,0,0.0,0.9996527777777817
18.2342375,0,0.0,0.9996527777777817
18.258325,0,0.0,0.9996527777777817
18.2824125,0,0.0,0.9996527777777817
18.3065,0,0.0,0.9996527777777817
18.3305875,0,0.0,0.9996527777777817
18.354674999999997,0,0.0,0.9996527777777817
18.378762499999997,0,0.0,0.9996527777777817
18.402849999999997,0,0.0,0.9996527777777817
18.426937499999998,0,0.0,0.9996527777777817
18.451024999999998,0,0.0,0.9996527777777817
18.475112499999998,2,6.944444444444444e-05,0.9997222222222262
18.4992,0,0.0,0.9997222222222262
18.5232875,0,0.0,0.9997222222222262
18.547375,0,0.0,0.9997222222222262
18.5714625,0,0.0,0.9997222222222262
18.59555,1,3.472222222222222e-05,0.9997569444444484
18.6196375,0,0.0,0.9997569444444484
18.643725,0,0.0,0.9997569444444484
18.667812499999997,0,0.0,0.9997569444444484
18.691899999999997,0,0.0,0.9997569444444484
18.715987499999997,0,0.0,0.9997569444444484
18.740074999999997,0,0.0,0.9997569444444484
18.764162499999998,0,0.0,0.9997569444444484
18.788249999999998,0,0.0,0.9997569444444484
18.812337499999998,1,3.472222222222222e-05,0.9997916666666706
18.836425,0,0.0,0.9997916666666706
18.8605125,0,0.0,0.9997916666666706
18.8846,0,0.0,0.9997916666666706
18.9086875,0,0.0,0.9997916666666706
18.932775,0,0.0,0.9997916666666706
18.9568625,0,0.0,0.9997916666666706
18.98095,0,0.0,0.9997916666666706
19.005037499999997,0,0.0,0.9997916666666706
19.029124999999997,0,0.0,0.9997916666666706
19.053212499999997,1,3.472222222222222e-05,0.9998263888888929
19.077299999999997,0,0.0,0.9998263888888929
19.101387499999998,0,0.0,0.9998263888888929
19.125474999999998,0,0.0,0.9998263888888929
19.1495625,0,0.0,0.9998263888888929
19.17365,0,0.0,0.9998263888888929
19.1977375,0,0.0,0.9998263888888929
19.221825,0,0.0,0.9998263888888929
19.2459125,0,0.0,0.9998263888888929
19.27,0,0.0,0.9998263888888929
19.2940875,0,0.0,0.9998263888888929
19.318174999999997,0,0.0,0.9998263888888929
19.342262499999997,0,0.0,0.9998263888888929
19.366349999999997,1,3.472222222222222e-05,0.9998611111111151
19.390437499999997,0,0.0,0.9998611111111151
19.414524999999998,0,0.0,0.9998611111111151
19.438612499999998,0,0.0,0.9998611111111151
19.462699999999998,0,0.0,0.9998611111111151
19.4867875,0,0.0,0.9998611111111151
19.510875,0,0.0,0.9998611111111151
19.5349625,0,0.0,0.9998611111111151
19.55905,0,0.0,0.9998611111111151
19.5831375,0,0.0,0.9998611111111151
19.607225,0,0.0,0.9998611111111151
19.6313125,0,0.0,0.9998611111111151
19.655399999999997,0,0.0,0.9998611111111151
19.679487499999997,0,0.0,0.9998611111111151
19.703574999999997,0,0.0,0.9998611111111151
19.727662499999997,0,0.0,0.9998611111111151
19.751749999999998,0,0.0,0.9998611111111151
19.775837499999998,0,0.0,0.9998611111111151
19.799924999999998,0,0.0,0.9998611111111151
19.8240125,0,0.0,0.9998611111111151
19.8481,0,0.0,0.9998611111111151
19.8721875,0,0.0,0.9998611111111151
19.896275,0,0.0,0.9998611111111151
19.9203625,0,0.0,0.9998611111111151
19.94445,0,0.0,0.9998611111111151
19.968537499999996,0,0.0,0.9998611111111151
19.992624999999997,0,0.0,0.9998611111111151
20.016712499999997,0,0.0,0.9998611111111151
20.040799999999997,0,0.0,0.9998611111111151
20.064887499999998,0,0.0,0.9998611111111151
20.088974999999998,0,0.0,0.9998611111111151
20.113062499999998,0,0.0,0.9998611111111151
20.13715,0,0.0,0.9998611111111151
20.1612375,0,0.0,0.9998611111111151
20.185325,0,0.0,0.9998611111111151
20.2094125,0,0.0,0.9998611111111151
20.2335,0,0.0,0.9998611111111151
20.2575875,0,0.0,0.9998611111111151
20.281675,0,0.0,0.9998611111111151
20.305762499999997,0,0.0,0.9998611111111151
20.329849999999997,0,0.0,0.9998611111111151
20.353937499999997,1,3.472222222222222e-05,0.9998958333333373
20.378024999999997,0,0.0,0.9998958333333373
20.402112499999998,0,0.0,0.9998958333333373
20.426199999999998,0,0.0,0.9998958333333373
20.450287499999998,0,0.0,0.9998958333333373
20.474375,0,0.0,0.9998958333333373
20.4984625,0,0.0,0.9998958333333373
20.52255,1,3.472222222222222e-05,0.9999305555555595
20.5466375,0,0.0,0.9999305555555595
20.570725,0,0.0,0.9999305555555595
20.5948125,0,0.0,0.9999305555555595
20.618899999999996,0,0.0,0.9999305555555595
20.642987499999997,0,0.0,0.9999305555555595
20.667074999999997,0,0.0,0.9999305555555595
20.691162499999997,0,0.0,0.9999305555555595
20.715249999999997,0,0.0,0.9999305555555595
20.739337499999998,0,0.0,0.9999305555555595
20.763424999999998,0,0.0,0.9999305555555595
20.7875125,0,0.0,0.9999305555555595
20.8116,0,0.0,0.9999305555555595
20.8356875,0,0.0,0.9999305555555595
20.859775,0,0.0,0.9999305555555595
20.8838625,0,0.0,0.9999305555555595
20.90795,0,0.0,0.9999305555555595
20.9320375,0,0.0,0.9999305555555595
20.956124999999997,0,0.0,0.9999305555555595
20.980212499999997,0,0.0,0.9999305555555595
21.004299999999997,0,0.0,0.9999305555555595
21.028387499999997,0,0.0,0.9999305555555595
21.052474999999998,0,0.0,0.9999305555555595
21.076562499999998,0,0.0,0.9999305555555595
21.100649999999998,0,0.0,0.9999305555555595
21.1247375,0,0.0,0.9999305555555595
21.148825,0,0.0,0.9999305555555595
21.1729125,0,0.0,0.9999305555555595
21.197,0,0.0,0.9999305555555595
21.2210875,0,0.0,0.9999305555555595
21.245175,0,0.0,0.9999305555555595
21.269262499999996,0,0.0,0.9999305555555595
21.293349999999997,0,0.0,0.9999305555555595
21.317437499999997,0,0.0,0.9999305555555595
21.341524999999997,0,0.0,0.9999305555555595
21.365612499999997,0,0.0,0.9999305555555595
21.389699999999998,0,0.0,0.9999305555555595
21.413787499999998,0,0.0,0.9999305555555595
21.437875,0,0.0,0.9999305555555595
21.4619625,0,0.0,0.9999305555555595
21.48605,0,0.0,0.9999305555555595
21.5101375,0,0.0,0.9999305555555595
21.534225,0,0.0,0.9999305555555595
21.5583125,0,0.0,0.9999305555555595
21.5824,0,0.0,0.9999305555555595
21.606487499999997,0,0.0,0.9999305555555595
21.630574999999997,0,0.0,0.9999305555555595
21.654662499999997,0,0.0,0.9999305555555595
21.678749999999997,0,0.0,0.9999305555555595
21.702837499999998,0,0.0,0.9999305555555595
21.726924999999998,0,0.0,0.9999305555555595
21.751012499999998,0,0.0,0.9999305555555595
21.7751,0,0.0,0.9999305555555595
21.7991875,0,0.0,0.9999305555555595
21.823275,0,0.0,0.9999305555555595
21.8473625,0,0.0,0.9999305555555595
21.87145,0,0.0,0.9999305555555595
21.8955375,0,0.0,0.9999305555555595
21.919624999999996,0,0.0,0.9999305555555595
21.943712499999997,0,0.0,0.9999305555555595
21.967799999999997,0,0.0,0.9999305555555595
21.991887499999997,0,0.0,0.9999305555555595
22.015974999999997,0,0.0,0.9999305555555595
22.040062499999998,0,0.0,0.9999305555555595
22.064149999999998,0,0.0,0.9999305555555595
22.088237499999998,0,0.0,0.9999305555555595
22.112325,0,0.0,0.9999305555555595
22.1364125,0,0.0,0.9999305555555595
22.1605,0,0.0,0.9999305555555595
22.1845875,0,0.0,0.9999305555555595
22.208675,0,0.0,0.9999305555555595
22.232762499999996,0,0.0,0.9999305555555595
22.256849999999996,0,0.0,0.9999305555555595
22.280937499999997,0,0.0,0.9999305555555595
22.305024999999997,0,0.0,0.9999305555555595
22.329112499999997,0,0.0,0.9999305555555595
22.353199999999998,0,0.0,0.9999305555555595
22.377287499999998,0,0.0,0.9999305555555595
22.401374999999998,0,0.0,0.9999305555555595
22.4254625,0,0.0,0.9999305555555595
22.44955,0,0.0,0.9999305555555595
22.4736375,0,0.0,0.9999305555555595
22.497725,0,0.0,0.9999305555555595
22.5218125,0,0.0,0.9999305555555595
22.5459,0,0.0,0.9999305555555595
22.569987499999996,0,0.0,0.9999305555555595
22.594074999999997,0,0.0,0.9999305555555595
22.618162499999997,0,0.0,0.9999305555555595
22.642249999999997,0,0.0,0.9999305555555595
22.666337499999997,0,0.0,0.9999305555555595
22.690424999999998,0,0.0,0.9999305555555595
22.714512499999998,0,0.0,0.9999305555555595
22.738599999999998,0,0.0,0.9999305555555595
22.7626875,0,0.0,0.9999305555555595
22.786775,0,0.0,0.9999305555555595
22.8108625,0,0.0,0.9999305555555595
22.83495,1,3.472222222222222e-05,0.9999652777777818
22.8590375,0,0.0,0.9999652777777818
22.883124999999996,0,0.0,0.9999652777777818
22.907212499999996,0,0.0,0.9999652777777818
22.931299999999997,0,0.0,0.9999652777777818
22.955387499999997,0,0.0,0.9999652777777818
22.979474999999997,0,0.0,0.9999652777777818
23.003562499999997,0,0.0,0.9999652777777818
23.027649999999998,0,0.0,0.9999652777777818
23.051737499999998,0,0.0,0.9999652777777818
23.075825,0,0.0,0.9999652777777818
23.0999125,0,0.0,0.9999652777777818
23.124,0,0.0,0.9999652777777818
23.1480875,0,0.0,0.9999652777777818
23.172175,0,0.0,0.9999652777777818
23.1962625,0,0.0,0.9999652777777818
23.220349999999996,0,0.0,0.9999652777777818
23.244437499999997,0,0.0,0.9999652777777818
23.268524999999997,0,0.0,0.9999652777777818
23.292612499999997,0,0.0,0.9999652777777818
23.316699999999997,0,0.0,0.9999652777777818
23.340787499999998,0,0.0,0.9999652777777818
23.364874999999998,0,0.0,0.9999652777777818
23.388962499999998,0,0.0,0.9999652777777818
23.41305,0,0.0,0.9999652777777818
23.4371375,0,0.0,0.9999652777777818
23.461225,0,0.0,0.9999652777777818
23.4853125,0,0.0,0.9999652777777818
23.5094,0,0.0,0.9999652777777818
23.533487499999996,0,0.0,0.9999652777777818
23.557574999999996,0,0.0,0.9999652777777818
23.581662499999997,0,0.0,0.9999652777777818
23.605749999999997,0,0.0,0.9999652777777818
23.629837499999997,0,0.0,0.9999652777777818
23.653924999999997,0,0.0,0.9999652777777818
23.678012499999998,0,0.0,0.9999652777777818
23.702099999999998,0,0.0,0.9999652777777818
23.726187499999998,0,0.0,0.9999652777777818
23.750275,0,0.0,0.9999652777777818
23.7743625,0,0.0,0.9999652777777818
23.79845,0,0.0,0.9999652777777818
23.8225375,0,0.0,0.9999652777777818
23.846625,0,0.0,0.9999652777777818
23.870712499999996,0,0.0,0.9999652777777818
23.894799999999996,0,0.0,0.9999652777777818
23.918887499999997,0,0.0,0.9999652777777818
23.942974999999997,0,0.0,0.9999652777777818
23.967062499999997,0,0.0,0.9999652777777818
23.991149999999998,0,0.0,0.9999652777777818
24.015237499999998,0,0.0,0.9999652777777818
24.039324999999998,0,0.0,0.9999652777777818
24.0634125,1,3.472222222222222e-05,1.000000000000004
