Time (ns),id,Diffusion Coefficient (cmÂ²/s),Atom id
10.0,,0.277815,7.0
10.0,,0.336253,20.0
10.0,,0.210704,28.0
10.0,,0.00572456,46.0
10.0,,0.2678,48.0
10.0,,0.335308,73.0
10.0,,0.0,97.0
10.0,,0.108245,127.0
10.0,,0.196058,136.0
10.0,,0.214846,146.0
10.0,,0.0374224,205.0
10.0,,0.267665,218.0
10.0,,0.0170209,221.0
10.0,,0.282451,248.0
10.0,,0.266934,260.0
10.0,,0.319052,261.0
10.0,,0.215421,267.0
10.0,,0.321482,284.0
20.0,,0.153294,25.0
20.0,,0.325761,66.0
20.0,,0.00078112,97.0
20.0,,0.0849583,109.0
20.0,,0.13193,158.0
20.0,,0.17161,163.0
20.0,,0.285508,168.0
20.0,,0.0866544,182.0
20.0,,0.219636,247.0
20.0,,0.0032687,266.0
20.0,,0.252154,274.0
30.0,,0.0157166,46.0
30.0,,0.0957367,65.0
30.0,,0.159973,87.0
30.0,,0.00123319,97.0
30.0,,0.21783,127.0
30.0,,0.112087,162.0
30.0,,0.259365,167.0
30.0,,0.0122089,168.0
30.0,,0.327511,179.0
30.0,,0.103078,279.0
30.0,,0.136425,281.0
40.0,,0.332541,25.0
40.0,,0.226106,26.0
40.0,,0.290354,39.0
40.0,,0.319334,42.0
40.0,,0.318938,58.0
40.0,,0.206111,84.0
40.0,,0.00575384,97.0
40.0,,0.269872,136.0
40.0,,0.27365,149.0
40.0,,0.0174079,168.0
40.0,,0.189939,179.0
40.0,,0.19755,186.0
40.0,,0.215893,212.0
40.0,,0.000972892,220.0
40.0,,0.0538943,248.0
40.0,,0.157665,273.0
50.0,,0.151883,10.0
50.0,,0.172273,21.0
50.0,,0.0104371,46.0
50.0,,0.0,97.0
50.0,,0.278747,113.0
50.0,,0.326969,128.0
50.0,,0.00166021,151.0
50.0,,0.00574945,168.0
50.0,,0.0,170.0
50.0,,0.167897,178.0
50.0,,0.290613,186.0
50.0,,0.0756367,192.0
50.0,,0.241163,194.0
50.0,,0.0829384,216.0
50.0,,0.185995,264.0
60.0,,0.310146,6.0
60.0,,0.331097,19.0
60.0,,0.0131012,38.0
60.0,,0.130163,67.0
60.0,,0.117697,97.0
60.0,,0.0758623,109.0
60.0,,0.231355,118.0
60.0,,0.185436,126.0
60.0,,0.00490078,168.0
60.0,,0.202993,216.0
60.0,,0.000180101,220.0
60.0,,0.254549,226.0
70.0,,0.251166,15.0
70.0,,0.329961,23.0
70.0,,0.242987,34.0
70.0,,0.12745,62.0
70.0,,0.116954,73.0
70.0,,0.32122,76.0
70.0,,0.00157593,97.0
70.0,,0.1867,104.0
70.0,,0.143742,210.0
70.0,,0.261925,234.0
70.0,,0.247935,247.0
70.0,,0.0461602,258.0
70.0,,0.113998,259.0
70.0,,0.197338,264.0
70.0,,0.0557475,273.0
70.0,,0.240857,279.0
80.0,,0.308481,58.0
80.0,,0.0,97.0
80.0,,0.0368997,148.0
80.0,,0.0854514,159.0
80.0,,0.185991,175.0
80.0,,0.321655,221.0
80.0,,0.111703,223.0
80.0,,0.321588,226.0
80.0,,0.249917,238.0
80.0,,0.261955,253.0
80.0,,0.270684,257.0
90.0,,0.225586,22.0
90.0,,0.0245221,26.0
90.0,,0.0,72.0
90.0,,0.000249353,97.0
90.0,,0.030534,125.0
90.0,,0.183456,149.0
90.0,,0.0038271,168.0
90.0,,0.334894,207.0
90.0,,0.30654,227.0
90.0,,0.145952,231.0
90.0,,0.191664,276.0
90.0,,0.23461,283.0
90.0,,0.298363,284.0
100.0,,0.287038,57.0
100.0,,0.00548609,97.0
100.0,,0.283685,156.0
100.0,,0.0077859,168.0
100.0,,0.189824,173.0
100.0,,0.146961,182.0
100.0,,0.253166,184.0
100.0,,0.194716,186.0
100.0,,0.172209,213.0
100.0,,0.0,234.0
100.0,,0.320283,236.0
100.0,,0.049262,252.0
100.0,,0.0211616,253.0
100.0,,0.110289,256.0
100.0,,0.240575,257.0
110.0,,0.304282,1.0
110.0,,0.28197,4.0
110.0,,0.235469,12.0
110.0,,0.147886,21.0
110.0,,0.329987,61.0
110.0,,0.0961338,99.0
110.0,,0.0295985,121.0
110.0,,0.076209,152.0
110.0,,0.012943,168.0
110.0,,0.316382,175.0
110.0,,0.00335661,220.0
110.0,,0.230285,261.0
120.0,,0.00348596,46.0
120.0,,0.265352,74.0
120.0,,0.286615,81.0
120.0,,0.185481,83.0
120.0,,0.0,88.0
120.0,,0.000989961,97.0
120.0,,0.0339373,168.0
120.0,,0.193984,186.0
120.0,,0.0194938,203.0
120.0,,0.26543,208.0
120.0,,0.132969,218.0
120.0,,0.134261,264.0
120.0,,0.302416,285.0
130.0,,0.32147,84.0
130.0,,0.000306291,97.0
130.0,,0.280627,138.0
130.0,,0.321813,143.0
130.0,,0.0135169,168.0
130.0,,0.167561,177.0
130.0,,0.277833,183.0
130.0,,0.178619,206.0
130.0,,0.186964,218.0
130.0,,0.133932,287.0
140.0,,0.312087,9.0
140.0,,0.211096,28.0
140.0,,0.335176,121.0
140.0,,0.0371466,179.0
140.0,,0.0226253,196.0
140.0,,0.0818032,210.0
140.0,,0.0179509,223.0
140.0,,0.125229,232.0
140.0,,0.265073,237.0
150.0,,0.0155406,22.0
150.0,,0.243025,41.0
150.0,,0.00226819,46.0
150.0,,0.149677,56.0
150.0,,0.215512,72.0
150.0,,0.0,97.0
150.0,,0.265901,104.0
150.0,,0.00141242,168.0
150.0,,0.243713,201.0
150.0,,0.000473445,245.0
160.0,,0.272454,8.0
160.0,,0.133499,40.0
160.0,,0.323959,55.0
160.0,,0.00119832,97.0
160.0,,0.0755118,175.0
160.0,,0.0149555,182.0
160.0,,0.167244,209.0
160.0,,0.299038,215.0
160.0,,0.192624,223.0
160.0,,0.330927,230.0
160.0,,0.147583,241.0
160.0,,0.0908268,263.0
160.0,,0.128149,282.0
170.0,,0.00129525,46.0
170.0,,0.210062,60.0
170.0,,0.0479087,90.0
170.0,,0.111417,91.0
170.0,,0.0101129,97.0
170.0,,0.222225,103.0
170.0,,0.162287,162.0
170.0,,0.239312,170.0
170.0,,0.076352,177.0
180.0,,0.259412,28.0
180.0,,0.161068,51.0
180.0,,0.191736,64.0
180.0,,0.19128,78.0
180.0,,0.000748385,97.0
180.0,,0.312523,130.0
180.0,,0.30097,133.0
180.0,,0.00384631,168.0
180.0,,0.143759,206.0
180.0,,0.13189,225.0
180.0,,0.232536,246.0
180.0,,0.248851,268.0
190.0,,0.217954,3.0
190.0,,0.302659,27.0
190.0,,0.336651,42.0
190.0,,0.139142,91.0
190.0,,0.00105309,97.0
190.0,,0.195763,184.0
190.0,,0.159455,196.0
200.0,,0.337147,10.0
200.0,,0.32486,70.0
200.0,,0.22644,86.0
200.0,,0.249738,95.0
200.0,,0.0,97.0
200.0,,0.186656,107.0
200.0,,0.29217,140.0
200.0,,0.147304,170.0
200.0,,0.221264,205.0
200.0,,0.00255826,253.0
200.0,,0.249684,270.0
210.0,,0.254425,20.0
210.0,,0.0832064,24.0
210.0,,0.221062,28.0
210.0,,0.0,46.0
210.0,,0.324243,53.0
210.0,,0.255354,59.0
210.0,,0.324172,66.0
210.0,,0.000387291,97.0
210.0,,0.00434731,168.0
220.0,,0.010422,46.0
220.0,,0.247274,86.0
220.0,,0.322692,94.0
220.0,,0.0123815,97.0
220.0,,0.257762,134.0
220.0,,0.0,159.0
220.0,,0.308319,193.0
220.0,,0.220383,217.0
220.0,,0.16148,231.0
220.0,,0.331694,247.0
220.0,,0.288403,254.0
220.0,,0.15961,275.0
220.0,,0.183358,287.0
230.0,,0.1361,1.0
230.0,,0.310304,14.0
230.0,,0.000375683,46.0
230.0,,0.00145257,97.0
230.0,,0.0597602,126.0
230.0,,0.0179019,168.0
230.0,,0.111809,180.0
230.0,,0.125997,201.0
230.0,,0.169727,234.0
230.0,,0.236812,239.0
230.0,,0.0974771,262.0
230.0,,0.0,263.0
230.0,,0.245975,277.0
240.0,,0.262072,21.0
240.0,,0.00967695,46.0
240.0,,0.230262,58.0
240.0,,0.19457,64.0
240.0,,0.0840489,76.0
240.0,,0.0965187,80.0
240.0,,0.260259,83.0
240.0,,0.00146455,97.0
240.0,,0.32438,103.0
240.0,,0.312556,131.0
240.0,,0.000135829,155.0
240.0,,0.296227,156.0
240.0,,0.00087112,168.0
240.0,,0.202095,177.0
240.0,,0.334758,213.0
240.0,,0.220606,235.0
240.0,,0.331449,282.0
250.0,,0.317484,22.0
250.0,,0.017247,46.0
250.0,,0.177417,95.0
250.0,,0.000981055,97.0
250.0,,0.045087,111.0
250.0,,0.248931,124.0
250.0,,0.0564795,141.0
250.0,,0.171481,145.0
250.0,,0.00673052,168.0
250.0,,0.039155,198.0
250.0,,0.234797,200.0
250.0,,0.287359,215.0
250.0,,0.302233,236.0
250.0,,0.335621,250.0
250.0,,0.335192,254.0
250.0,,0.313451,268.0
250.0,,0.29616,286.0
250.0,,0.331402,288.0
260.0,,0.249081,10.0
260.0,,0.213418,15.0
260.0,,0.260585,26.0
260.0,,0.15424,42.0
260.0,,0.0957297,176.0
260.0,,0.145873,186.0
260.0,,0.202123,196.0
260.0,,0.240134,216.0
260.0,,0.00124852,223.0
260.0,,0.235165,240.0
260.0,,0.0935715,272.0
260.0,,0.131492,276.0
270.0,,0.219951,11.0
270.0,,0.226904,43.0
270.0,,0.265436,77.0
270.0,,0.00179483,97.0
270.0,,0.307607,138.0
270.0,,0.258826,190.0
270.0,,0.298691,213.0
270.0,,0.103964,220.0
270.0,,0.325124,228.0
270.0,,0.304949,240.0
270.0,,0.0104406,253.0
270.0,,0.190587,260.0
270.0,,0.000328758,285.0
270.0,,0.122007,286.0
280.0,,0.000782132,97.0
280.0,,0.16915,101.0
280.0,,0.171851,163.0
280.0,,0.283893,211.0
280.0,,0.276462,216.0
280.0,,0.20893,222.0
280.0,,0.332042,255.0
290.0,,0.303369,103.0
290.0,,0.236707,157.0
290.0,,0.222247,168.0
290.0,,0.178916,182.0
290.0,,0.337002,219.0
290.0,,0.00136545,271.0
290.0,,0.124043,277.0
300.0,,0.228147,6.0
300.0,,0.301298,61.0
300.0,,0.266259,62.0
300.0,,0.000385408,97.0
300.0,,0.104971,104.0
300.0,,0.28645,120.0
300.0,,0.109343,204.0
300.0,,0.17186,206.0
300.0,,0.130642,212.0
300.0,,0.232399,245.0
300.0,,0.200241,260.0
300.0,,0.316617,274.0
310.0,,0.0536733,31.0
310.0,,0.0,46.0
310.0,,0.000151215,97.0
310.0,,0.317901,127.0
310.0,,0.291057,136.0
310.0,,0.335457,160.0
310.0,,0.265368,161.0
310.0,,0.00305612,168.0
310.0,,0.336171,191.0
310.0,,0.0487512,194.0
310.0,,0.301626,195.0
310.0,,0.330878,199.0
310.0,,0.188529,214.0
310.0,,0.292705,257.0
310.0,,0.273228,260.0
320.0,,0.00216138,46.0
320.0,,0.335076,53.0
320.0,,0.00019386,97.0
320.0,,0.326586,98.0
320.0,,0.263814,175.0
320.0,,0.31451,236.0
330.0,,0.288061,15.0
330.0,,0.166344,20.0
330.0,,0.262068,24.0
330.0,,0.00729105,46.0
330.0,,0.113834,54.0
330.0,,0.249047,61.0
330.0,,0.181503,65.0
330.0,,0.311594,75.0
330.0,,0.000409885,97.0
330.0,,0.331548,150.0
330.0,,0.109239,166.0
330.0,,0.131227,199.0
330.0,,0.176869,260.0
330.0,,0.276202,266.0
340.0,,0.253212,18.0
340.0,,0.319363,20.0
340.0,,0.0912548,34.0
340.0,,0.318497,52.0
340.0,,0.266602,68.0
340.0,,0.0449266,96.0
340.0,,0.00046655,97.0
340.0,,0.135367,117.0
340.0,,0.154916,144.0
340.0,,0.335681,191.0
340.0,,0.146557,194.0
340.0,,0.119952,205.0
340.0,,0.306599,239.0
340.0,,0.0867356,270.0
340.0,,0.337174,279.0
350.0,,0.141265,67.0
350.0,,0.239671,93.0
350.0,,0.0820622,218.0
350.0,,0.270529,221.0
350.0,,0.29999,245.0
360.0,,0.225159,13.0
360.0,,0.00080595,46.0
360.0,,0.176472,83.0
360.0,,0.000273254,97.0
360.0,,0.312324,144.0
360.0,,0.164145,153.0
360.0,,0.318389,157.0
360.0,,0.00178667,168.0
360.0,,0.305672,214.0
360.0,,0.174221,254.0
370.0,,0.230514,58.0
370.0,,0.000212698,97.0
370.0,,0.0554784,103.0
370.0,,0.0019079,116.0
370.0,,0.173053,125.0
370.0,,0.280518,156.0
370.0,,0.0558703,159.0
370.0,,0.335762,196.0
370.0,,0.113619,264.0
380.0,,0.12146,3.0
380.0,,0.211947,39.0
380.0,,0.194343,51.0
380.0,,0.170465,67.0
380.0,,0.0308126,75.0
380.0,,0.222388,81.0
380.0,,0.00350455,97.0
380.0,,0.0422205,111.0
380.0,,0.0318351,128.0
380.0,,0.255931,141.0
380.0,,0.287577,175.0
380.0,,0.303258,184.0
380.0,,0.129784,195.0
380.0,,0.0822534,197.0
380.0,,0.295508,202.0
380.0,,0.138059,276.0
390.0,,0.312413,10.0
390.0,,0.00436061,62.0
390.0,,0.203555,102.0
390.0,,0.274776,131.0
390.0,,0.125641,133.0
390.0,,0.0,165.0
390.0,,0.0311433,168.0
390.0,,0.278387,183.0
390.0,,0.26054,221.0
390.0,,0.334522,261.0
390.0,,0.187224,267.0
400.0,,0.306495,15.0
400.0,,0.276244,19.0
400.0,,0.146545,43.0
400.0,,0.132583,72.0
400.0,,0.0849581,92.0
400.0,,0.00282975,97.0
400.0,,0.312213,99.0
400.0,,0.197967,151.0
400.0,,0.180724,214.0
400.0,,0.188649,237.0
400.0,,0.199419,243.0
400.0,,0.00240047,251.0
400.0,,0.322045,257.0
410.0,,0.0799743,3.0
410.0,,0.00255511,46.0
410.0,,0.252242,81.0
410.0,,0.257197,89.0
410.0,,0.0,97.0
410.0,,0.284277,114.0
410.0,,0.175999,118.0
410.0,,0.229094,128.0
410.0,,0.127541,136.0
410.0,,0.198987,164.0
410.0,,0.00218955,168.0
410.0,,0.0238187,181.0
410.0,,0.307389,191.0
410.0,,0.0249249,245.0
420.0,,0.317411,19.0
420.0,,0.0255805,46.0
420.0,,0.310887,90.0
420.0,,0.000591126,97.0
420.0,,0.25348,138.0
420.0,,0.30643,140.0
420.0,,0.078267,153.0
420.0,,0.15541,212.0
420.0,,0.316177,221.0
420.0,,0.273492,229.0
430.0,,0.191788,4.0
430.0,,0.0,97.0
430.0,,0.302251,104.0
430.0,,0.262012,123.0
430.0,,0.253224,127.0
430.0,,0.21391,158.0
430.0,,0.256772,197.0
430.0,,0.240949,238.0
440.0,,0.313207,9.0
440.0,,0.325432,33.0
440.0,,0.176051,36.0
440.0,,0.0750589,41.0
440.0,,0.254731,47.0
440.0,,0.0894118,49.0
440.0,,0.155279,55.0
440.0,,0.239536,78.0
440.0,,0.242484,82.0
440.0,,0.00165639,97.0
440.0,,0.135901,148.0
440.0,,0.184204,154.0
440.0,,0.264937,190.0
450.0,,0.277619,4.0
450.0,,0.304627,62.0
450.0,,0.260502,89.0
450.0,,0.00288792,97.0
450.0,,0.199657,115.0
450.0,,0.000389738,168.0
450.0,,0.0725093,206.0
450.0,,0.00127478,220.0
450.0,,0.163517,227.0
450.0,,0.0187402,268.0
450.0,,0.312131,283.0
460.0,,0.0,97.0
460.0,,0.271321,184.0
460.0,,0.15505,226.0
460.0,,0.0825686,232.0
470.0,,0.0684777,23.0
470.0,,0.0143874,58.0
470.0,,0.330626,81.0
470.0,,0.00211201,97.0
470.0,,0.0302836,195.0
470.0,,0.245887,245.0
470.0,,0.298516,271.0
470.0,,0.260494,288.0
480.0,,0.203565,3.0
480.0,,0.181122,13.0
480.0,,0.00324326,46.0
480.0,,0.205872,60.0
480.0,,0.000750393,97.0
480.0,,0.0844721,136.0
480.0,,0.217179,149.0
480.0,,0.194476,162.0
480.0,,0.0,168.0
480.0,,0.236044,169.0
480.0,,0.283062,184.0
480.0,,0.0851764,240.0
480.0,,0.268691,265.0
480.0,,0.0519316,281.0
480.0,,0.265808,284.0
490.0,,0.183611,41.0
490.0,,0.048454,42.0
490.0,,0.000318565,46.0
490.0,,0.140572,65.0
490.0,,0.127226,94.0
490.0,,0.000415058,97.0
490.0,,0.225036,110.0
490.0,,0.107746,112.0
490.0,,0.235054,157.0
490.0,,0.254036,232.0
490.0,,0.240727,255.0
500.0,,0.00433441,46.0
500.0,,0.0367225,65.0
500.0,,0.213203,92.0
500.0,,0.00230035,97.0
500.0,,0.327511,98.0
500.0,,0.0490783,106.0
500.0,,0.21629,122.0
500.0,,0.162499,160.0
500.0,,0.241242,167.0
500.0,,0.000275195,168.0
500.0,,0.250665,233.0
500.0,,0.0597017,242.0
500.0,,0.237797,245.0
500.0,,0.249659,247.0
500.0,,0.0623163,251.0
500.0,,0.140116,271.0
510.0,,0.00950029,46.0
510.0,,0.271818,93.0
510.0,,0.00254756,97.0
510.0,,0.00481851,168.0
510.0,,0.326681,188.0
510.0,,0.00115359,201.0
510.0,,0.0,206.0
510.0,,0.327709,224.0
510.0,,0.133946,266.0
510.0,,0.195942,284.0
520.0,,0.280225,60.0
520.0,,0.299111,67.0
520.0,,0.247278,72.0
520.0,,0.224836,93.0
520.0,,0.0577699,94.0
520.0,,0.319079,105.0
520.0,,0.0539742,131.0
520.0,,0.312536,144.0
520.0,,0.323189,159.0
520.0,,0.230307,166.0
520.0,,0.267464,170.0
520.0,,0.197373,210.0
520.0,,0.167882,279.0
530.0,,0.274582,4.0
530.0,,0.00110169,46.0
530.0,,0.000412822,97.0
530.0,,0.002377,168.0
530.0,,0.000979121,245.0
530.0,,0.0360277,246.0
530.0,,0.0,261.0
530.0,,0.29876,266.0
530.0,,0.174038,280.0
540.0,,0.288031,31.0
540.0,,0.159258,36.0
540.0,,0.00785521,46.0
540.0,,0.225455,84.0
540.0,,0.0915352,91.0
540.0,,0.22889,94.0
540.0,,0.000175398,97.0
540.0,,0.106819,128.0
540.0,,0.0237177,155.0
540.0,,0.13201,167.0
540.0,,0.00614916,168.0
540.0,,0.232363,195.0
540.0,,0.323264,257.0
540.0,,0.185682,284.0
550.0,,0.165757,37.0
550.0,,0.102059,40.0
550.0,,0.00010172,46.0
550.0,,0.000497471,97.0
550.0,,0.0105471,98.0
550.0,,0.331795,100.0
550.0,,0.286514,130.0
550.0,,0.0,168.0
550.0,,0.284958,180.0
550.0,,0.266767,201.0
550.0,,0.220679,205.0
550.0,,0.239448,236.0
550.0,,0.287367,245.0
550.0,,0.174393,252.0
550.0,,0.206054,262.0
550.0,,0.143495,280.0
560.0,,0.279861,1.0
560.0,,0.00183887,15.0
560.0,,0.0387222,18.0
560.0,,0.213026,29.0
560.0,,0.217308,34.0
560.0,,0.260921,55.0
560.0,,0.103563,65.0
560.0,,0.207243,71.0
560.0,,0.103485,78.0
560.0,,0.0012771,97.0
560.0,,0.180881,102.0
560.0,,0.216952,163.0
560.0,,0.0105214,168.0
560.0,,0.0660502,175.0
560.0,,0.206468,188.0
560.0,,0.270178,231.0
560.0,,0.0921995,232.0
560.0,,0.191371,286.0
570.0,,0.0,3.0
570.0,,0.000542163,22.0
570.0,,0.00999782,46.0
570.0,,0.00315783,97.0
570.0,,0.287003,113.0
570.0,,0.299864,156.0
570.0,,0.00591713,168.0
570.0,,0.0,245.0
570.0,,0.228703,273.0
580.0,,0.191565,45.0
580.0,,0.0044033,62.0
580.0,,0.267416,73.0
580.0,,0.274991,108.0
580.0,,0.292844,141.0
580.0,,0.271065,145.0
580.0,,0.00412218,168.0
580.0,,0.144447,173.0
580.0,,0.153643,209.0
580.0,,0.0352737,224.0
580.0,,0.113344,237.0
580.0,,0.139019,247.0
580.0,,0.00146995,271.0
590.0,,0.00231383,46.0
590.0,,0.000699497,97.0
590.0,,0.209364,114.0
590.0,,0.0,132.0
590.0,,0.289014,135.0
590.0,,0.263642,160.0
590.0,,0.239544,162.0
590.0,,0.00183914,168.0
590.0,,0.120883,198.0
590.0,,0.018303,245.0
590.0,,0.261354,283.0
590.0,,0.098827,288.0
600.0,,0.316517,6.0
600.0,,0.311322,32.0
600.0,,0.0,46.0
600.0,,0.0499879,56.0
600.0,,0.312149,61.0
600.0,,0.29859,92.0
600.0,,0.00121225,97.0
600.0,,0.242907,150.0
600.0,,0.157301,154.0
600.0,,0.00499346,168.0
600.0,,0.175047,195.0
600.0,,0.259095,236.0
600.0,,0.199075,241.0
600.0,,0.21882,247.0
600.0,,0.235319,267.0
600.0,,0.209108,282.0
610.0,,0.195824,15.0
610.0,,0.00835058,46.0
610.0,,0.265706,58.0
610.0,,0.309983,67.0
610.0,,0.127975,71.0
610.0,,0.211804,78.0
610.0,,0.0579097,82.0
610.0,,0.0842781,83.0
610.0,,0.000145585,97.0
610.0,,0.285802,103.0
610.0,,0.0130363,168.0
610.0,,0.249485,188.0
610.0,,0.279021,194.0
620.0,,0.0,21.0
620.0,,0.23059,37.0
620.0,,0.233773,42.0
620.0,,0.331689,83.0
620.0,,0.000122984,97.0
620.0,,0.295236,196.0
620.0,,0.100709,210.0
620.0,,0.332258,233.0
620.0,,0.163315,237.0
620.0,,0.0348271,240.0
620.0,,0.285085,253.0
630.0,,0.314509,5.0
630.0,,0.0819523,25.0
630.0,,0.184626,47.0
630.0,,0.0012377,97.0
630.0,,0.189668,130.0
630.0,,0.316733,144.0
630.0,,0.19637,176.0
640.0,,0.0213376,24.0
640.0,,0.221396,36.0
640.0,,0.209876,66.0
640.0,,0.00196918,97.0
640.0,,0.325063,117.0
640.0,,0.190666,134.0
640.0,,0.272121,156.0
640.0,,0.00863557,168.0
640.0,,0.144465,224.0
640.0,,0.142238,234.0
640.0,,0.308732,240.0
640.0,,0.325202,252.0
640.0,,0.132361,271.0
650.0,,0.0240127,11.0
650.0,,0.209814,23.0
650.0,,0.00962305,46.0
650.0,,0.264888,50.0
650.0,,0.276325,95.0
650.0,,0.000124354,97.0
650.0,,0.303151,108.0
650.0,,0.317706,124.0
650.0,,0.203068,157.0
650.0,,0.303779,158.0
650.0,,0.273276,167.0
650.0,,0.00202529,168.0
650.0,,0.28226,170.0
650.0,,0.00657007,201.0
650.0,,0.139805,212.0
650.0,,0.000572359,245.0
650.0,,0.125155,259.0
660.0,,0.300313,2.0
660.0,,0.253655,53.0
660.0,,0.231502,58.0
660.0,,0.00480106,79.0
660.0,,0.183337,83.0
660.0,,0.247381,95.0
660.0,,0.0,97.0
660.0,,0.112121,116.0
660.0,,0.00422699,168.0
660.0,,0.0335479,208.0
660.0,,0.118165,242.0
660.0,,0.0,247.0
660.0,,0.135235,251.0
670.0,,0.258802,11.0
670.0,,0.223452,15.0
670.0,,0.332539,31.0
670.0,,0.1115,77.0
670.0,,0.221288,146.0
670.0,,0.255275,162.0
670.0,,0.0752613,174.0
670.0,,0.264853,192.0
670.0,,0.101113,228.0
670.0,,0.094476,260.0
670.0,,0.0874423,278.0
680.0,,0.304111,18.0
680.0,,0.30734,68.0
680.0,,0.00409341,97.0
680.0,,0.333353,115.0
680.0,,0.16401,117.0
680.0,,0.125175,135.0
680.0,,0.27603,159.0
680.0,,0.0127912,168.0
680.0,,0.203176,200.0
680.0,,0.169957,212.0
680.0,,0.2789,224.0
680.0,,0.28589,250.0
690.0,,0.288326,26.0
690.0,,0.265527,27.0
690.0,,0.236183,44.0
690.0,,0.00144897,97.0
690.0,,0.0270843,168.0
690.0,,0.232802,235.0
690.0,,0.184223,253.0
690.0,,0.17499,287.0
700.0,,0.241145,9.0
700.0,,0.0740338,14.0
700.0,,0.240274,49.0
700.0,,0.132785,57.0
700.0,,0.0892891,73.0
700.0,,0.206236,83.0
700.0,,0.204598,87.0
700.0,,0.00101368,97.0
700.0,,0.216687,108.0
700.0,,0.261152,110.0
700.0,,0.282055,125.0
700.0,,0.020741,151.0
700.0,,0.318144,165.0
700.0,,0.0249097,182.0
700.0,,0.190909,209.0
700.0,,0.168348,239.0
710.0,,0.256263,4.0
710.0,,0.205419,13.0
710.0,,0.282063,24.0
710.0,,0.262763,36.0
710.0,,0.271897,55.0
710.0,,0.0923866,56.0
710.0,,0.21846,75.0
710.0,,0.198028,85.0
710.0,,0.000438702,97.0
710.0,,0.256735,99.0
710.0,,0.157243,187.0
710.0,,0.0,208.0
710.0,,0.0,214.0
710.0,,0.100333,216.0
710.0,,0.329122,217.0
710.0,,0.104481,218.0
710.0,,0.230956,253.0
720.0,,0.287314,14.0
720.0,,0.0149789,53.0
720.0,,0.199895,54.0
720.0,,0.222153,88.0
720.0,,0.00075635,97.0
720.0,,0.0530472,125.0
720.0,,0.157469,130.0
720.0,,0.244792,162.0
720.0,,7.55671e-05,168.0
720.0,,0.303895,204.0
720.0,,0.253164,208.0
720.0,,0.000781002,220.0
720.0,,0.192127,255.0
720.0,,0.0345439,278.0
730.0,,0.00667727,15.0
730.0,,0.199763,48.0
730.0,,0.00138775,97.0
730.0,,0.124847,130.0
730.0,,0.130366,153.0
730.0,,0.0017744,168.0
730.0,,0.12795,212.0
740.0,,0.326612,118.0
740.0,,0.162957,193.0
740.0,,0.324599,196.0
740.0,,0.146425,211.0
740.0,,0.0171473,223.0
740.0,,0.168357,249.0
740.0,,0.31083,268.0
750.0,,0.255157,20.0
750.0,,0.32443,31.0
750.0,,0.261055,44.0
750.0,,0.00188874,46.0
750.0,,0.27812,82.0
750.0,,0.253269,89.0
750.0,,0.204193,90.0
750.0,,0.0,97.0
750.0,,0.0,168.0
750.0,,0.154204,175.0
750.0,,0.31803,206.0
750.0,,0.000103091,245.0
750.0,,0.207815,250.0
760.0,,0.170338,8.0
760.0,,0.00227475,46.0
760.0,,0.0010847,97.0
760.0,,0.203469,124.0
760.0,,0.251865,126.0
760.0,,0.239201,143.0
760.0,,0.250779,144.0
760.0,,0.0176898,168.0
760.0,,0.297265,199.0
760.0,,0.192694,202.0
760.0,,0.313649,211.0
760.0,,0.184824,228.0
760.0,,0.307013,248.0
770.0,,0.326415,47.0
770.0,,0.227949,48.0
770.0,,0.00182879,97.0
770.0,,0.337067,100.0
770.0,,0.250992,110.0
770.0,,0.316213,119.0
770.0,,0.199076,126.0
770.0,,0.263892,183.0
770.0,,0.313014,196.0
770.0,,0.198442,275.0
780.0,,0.268782,54.0
780.0,,0.157954,55.0
780.0,,0.154436,74.0
780.0,,0.0923467,87.0
780.0,,0.239196,126.0
780.0,,0.171726,176.0
780.0,,0.17391,228.0
780.0,,0.145314,257.0
790.0,,0.0143436,10.0
790.0,,0.249948,35.0
790.0,,0.163987,43.0
790.0,,0.207165,44.0
790.0,,0.150244,77.0
790.0,,0.255256,84.0
790.0,,0.254397,96.0
790.0,,0.000451203,97.0
790.0,,0.197857,151.0
790.0,,0.114629,179.0
790.0,,0.0846631,191.0
790.0,,0.188727,261.0
800.0,,0.248769,35.0
800.0,,0.227282,66.0
800.0,,0.0,84.0
800.0,,0.221932,88.0
800.0,,0.000449201,97.0
800.0,,0.0,185.0
800.0,,0.143937,208.0
800.0,,0.329531,225.0
800.0,,0.0772241,237.0
800.0,,0.316365,249.0
810.0,,0.127685,18.0
810.0,,0.00583805,46.0
810.0,,0.266262,69.0
810.0,,0.0,97.0
810.0,,0.330408,133.0
810.0,,0.254466,153.0
810.0,,0.00478682,168.0
810.0,,0.119075,171.0
810.0,,0.242366,199.0
810.0,,0.0,204.0
810.0,,0.218709,210.0
810.0,,0.222093,211.0
820.0,,0.0,4.0
820.0,,0.311483,21.0
820.0,,0.21534,55.0
820.0,,0.168139,57.0
820.0,,0.243905,76.0
820.0,,0.00146001,97.0
820.0,,0.273029,101.0
820.0,,0.260993,107.0
820.0,,0.0,168.0
820.0,,0.301787,174.0
820.0,,0.325027,208.0
820.0,,0.214056,226.0
820.0,,0.298554,228.0
820.0,,0.255408,279.0
820.0,,0.287367,283.0
830.0,,0.325383,8.0
830.0,,0.31671,41.0
830.0,,0.0104821,43.0
830.0,,0.00050452,97.0
830.0,,0.0732151,138.0
830.0,,0.292894,177.0
830.0,,0.237939,200.0
830.0,,0.115954,237.0
830.0,,0.272895,248.0
830.0,,0.205961,264.0
840.0,,0.195021,3.0
840.0,,0.1025,41.0
840.0,,0.312077,64.0
840.0,,0.16636,88.0
840.0,,0.18142,91.0
840.0,,0.0,97.0
840.0,,0.0738335,128.0
840.0,,0.110789,184.0
840.0,,0.328107,185.0
840.0,,0.0906553,221.0
840.0,,0.136231,224.0
840.0,,0.275578,263.0
840.0,,0.256644,288.0
850.0,,0.109599,7.0
850.0,,0.0602287,63.0
850.0,,0.257028,69.0
850.0,,0.267243,70.0
850.0,,0.336873,80.0
850.0,,0.275693,89.0
850.0,,0.11532,115.0
850.0,,0.00210447,168.0
850.0,,0.235961,192.0
850.0,,0.324077,199.0
850.0,,0.246424,208.0
850.0,,0.00336997,220.0
850.0,,0.0,231.0
850.0,,0.327273,275.0
850.0,,0.284295,278.0
860.0,,0.299068,4.0
860.0,,0.27524,11.0
860.0,,0.206758,23.0
860.0,,0.225507,52.0
860.0,,0.0835308,70.0
860.0,,0.000904893,97.0
860.0,,0.148637,121.0
860.0,,0.0417212,156.0
860.0,,0.00483783,168.0
860.0,,0.175708,171.0
860.0,,0.249817,214.0
860.0,,1.9943e-05,220.0
860.0,,0.179969,225.0
860.0,,0.169377,226.0
860.0,,0.234827,228.0
860.0,,0.337192,232.0
860.0,,0.33231,261.0
870.0,,0.198013,4.0
870.0,,0.315592,26.0
870.0,,0.28059,40.0
870.0,,0.0,52.0
870.0,,0.293648,68.0
870.0,,0.210329,88.0
870.0,,0.000748163,97.0
870.0,,0.320512,109.0
870.0,,0.180891,111.0
870.0,,0.25387,128.0
870.0,,0.0492858,194.0
870.0,,0.174182,222.0
870.0,,0.0648169,223.0
880.0,,0.3354,1.0
880.0,,0.0379158,9.0
880.0,,0.0717196,27.0
880.0,,0.0956401,42.0
880.0,,0.00777342,46.0
880.0,,0.24537,57.0
880.0,,0.216626,67.0
880.0,,0.000652269,97.0
880.0,,0.178433,121.0
880.0,,0.325129,122.0
880.0,,0.125485,136.0
880.0,,0.248704,155.0
880.0,,0.0169317,168.0
880.0,,0.298629,197.0
880.0,,0.184709,245.0
890.0,,0.156033,3.0
890.0,,0.000270227,46.0
890.0,,0.309483,57.0
890.0,,0.139114,63.0
890.0,,0.00654736,83.0
890.0,,0.000325481,97.0
890.0,,0.00337241,168.0
890.0,,0.274215,185.0
890.0,,0.33123,191.0
890.0,,0.146826,228.0
900.0,,0.302778,2.0
900.0,,0.195858,39.0
900.0,,0.00372406,46.0
900.0,,0.228375,52.0
900.0,,0.0573548,67.0
900.0,,0.0,97.0
900.0,,0.174635,107.0
900.0,,0.215904,164.0
900.0,,0.00324789,168.0
900.0,,0.288496,205.0
900.0,,0.220807,208.0
900.0,,0.118769,212.0
910.0,,0.335099,34.0
910.0,,0.232794,42.0
910.0,,0.00234561,62.0
910.0,,0.275317,88.0
910.0,,0.158862,91.0
910.0,,0.21682,95.0
910.0,,0.300588,114.0
910.0,,0.30936,126.0
910.0,,0.319124,155.0
910.0,,0.00272514,168.0
910.0,,0.331261,195.0
910.0,,0.253769,209.0
910.0,,0.0349509,220.0
910.0,,0.0598289,274.0
910.0,,0.0972086,288.0
920.0,,0.0265736,26.0
920.0,,0.00461036,46.0
920.0,,0.00119648,97.0
920.0,,0.317444,113.0
920.0,,0.0239196,168.0
920.0,,0.336358,172.0
920.0,,0.274021,179.0
920.0,,0.305036,201.0
920.0,,0.0,242.0
920.0,,0.15903,272.0
920.0,,0.327645,284.0
930.0,,0.208067,15.0
930.0,,0.335847,33.0
930.0,,0.0105753,42.0
930.0,,0.212948,59.0
930.0,,0.0,97.0
930.0,,0.172867,147.0
930.0,,0.185492,192.0
930.0,,0.216685,268.0
940.0,,0.274708,4.0
940.0,,0.0,46.0
940.0,,0.297371,86.0
940.0,,0.00134975,97.0
940.0,,0.142484,104.0
940.0,,0.0,136.0
940.0,,0.217074,148.0
940.0,,0.0,168.0
940.0,,0.304984,181.0
940.0,,0.00390986,243.0
940.0,,0.227238,251.0
940.0,,0.321535,284.0
950.0,,0.327843,40.0
950.0,,0.334875,60.0
950.0,,0.278584,69.0
950.0,,0.216042,75.0
950.0,,0.213054,82.0
950.0,,0.0,97.0
950.0,,0.127733,101.0
950.0,,0.252952,112.0
950.0,,0.306177,124.0
950.0,,0.000457816,182.0
950.0,,0.278291,214.0
950.0,,0.270808,224.0
950.0,,0.263781,282.0
960.0,,0.296806,24.0
960.0,,0.00947999,46.0
960.0,,0.000194205,97.0
960.0,,0.221725,103.0
960.0,,0.137314,162.0
960.0,,0.310373,167.0
960.0,,0.241364,205.0
960.0,,0.331196,214.0
960.0,,0.209892,226.0
960.0,,0.205959,240.0
960.0,,0.273007,267.0
970.0,,0.213814,6.0
970.0,,0.229571,9.0
970.0,,0.200957,41.0
970.0,,0.0345815,42.0
970.0,,0.00706104,46.0
970.0,,0.000190794,97.0
970.0,,0.130832,108.0
970.0,,0.0517991,130.0
970.0,,0.00541358,168.0
970.0,,0.106869,172.0
970.0,,0.253744,209.0
970.0,,0.137863,211.0
970.0,,0.214491,233.0
970.0,,0.324365,236.0
970.0,,0.144954,261.0
970.0,,0.252235,262.0
980.0,,0.16072,19.0
980.0,,0.176745,27.0
980.0,,0.259706,78.0
980.0,,0.13637,86.0
980.0,,0.269594,90.0
980.0,,0.226348,95.0
980.0,,0.218367,99.0
980.0,,0.124398,164.0
980.0,,0.21871,205.0
990.0,,0.205873,25.0
990.0,,0.325576,33.0
990.0,,0.294888,42.0
990.0,,0.00140076,46.0
990.0,,0.000680978,97.0
990.0,,0.282278,110.0
990.0,,0.255109,146.0
990.0,,0.298666,153.0
990.0,,0.187536,157.0
990.0,,0.00300464,168.0
990.0,,0.0406686,235.0
990.0,,0.233697,237.0
990.0,,0.295186,248.0
990.0,,0.205939,273.0
1000.0,,0.16359,16.0
1000.0,,0.135134,18.0
1000.0,,0.232048,31.0
1000.0,,0.0546105,53.0
1000.0,,0.000568706,97.0
1000.0,,0.151992,108.0
1000.0,,0.300628,149.0
1000.0,,0.0790678,163.0
1000.0,,0.316271,177.0
1000.0,,0.126838,234.0
1000.0,,0.268669,235.0
1000.0,,0.264318,266.0
